Wavelength(nm),Timestamp,Irradiance(W/m2/um)
284.02999999999997,2022/05/13 13:05:00,0.0
284.45999999999998,2022/05/13 13:05:00,0.0
284.88999999999999,2022/05/13 13:05:00,0.0
285.31999999999999,2022/05/13 13:05:00,0.0
285.74000000000001,2022/05/13 13:05:00,0.0
286.17000000000002,2022/05/13 13:05:00,0.0
286.60000000000002,2022/05/13 13:05:00,0.0
287.02999999999997,2022/05/13 13:05:00,0.0
287.44999999999999,2022/05/13 13:05:00,0.0
287.88,2022/05/13 13:05:00,0.0
288.31,2022/05/13 13:05:00,0.0
288.74000000000001,2022/05/13 13:05:00,0.0
289.17000000000002,2022/05/13 13:05:00,0.0
289.58999999999997,2022/05/13 13:05:00,0.0
290.01999999999998,2022/05/13 13:05:00,0.0
290.44999999999999,2022/05/13 13:05:00,0.0
290.88,2022/05/13 13:05:00,0.0
291.30000000000001,2022/05/13 13:05:00,0.0
291.73000000000002,2022/05/13 13:05:00,0.0
292.16000000000003,2022/05/13 13:05:00,0.0
292.58999999999997,2022/05/13 13:05:00,0.0
293.00999999999999,2022/05/13 13:05:00,0.0
293.44,2022/05/13 13:05:00,0.0
293.87,2022/05/13 13:05:00,0.0
294.30000000000001,2022/05/13 13:05:00,0.0
294.72000000000003,2022/05/13 13:05:00,5.23
295.14999999999998,2022/05/13 13:05:00,5.43
295.57999999999998,2022/05/13 13:05:00,5.47
296.00999999999999,2022/05/13 13:05:00,5.76
296.43000000000001,2022/05/13 13:05:00,5.89
296.86000000000001,2022/05/13 13:05:00,6.1
297.29000000000002,2022/05/13 13:05:00,6.39
297.70999999999998,2022/05/13 13:05:00,6.76
298.13999999999999,2022/05/13 13:05:00,7.14
298.56999999999999,2022/05/13 13:05:00,7.42
299,2022/05/13 13:05:00,7.77
299.42000000000002,2022/05/13 13:05:00,8.29
299.85000000000002,2022/05/13 13:05:00,8.79
300.27999999999997,2022/05/13 13:05:00,9.58
300.70999999999998,2022/05/13 13:05:00,10.22
301.13,2022/05/13 13:05:00,11.16
301.56,2022/05/13 13:05:00,12.23
301.99000000000001,2022/05/13 13:05:00,13.3
302.41000000000003,2022/05/13 13:05:00,14.61
302.83999999999997,2022/05/13 13:05:00,15.77
303.26999999999998,2022/05/13 13:05:00,17.33
303.69999999999999,2022/05/13 13:05:00,18.98
304.12,2022/05/13 13:05:00,20.9
304.55000000000001,2022/05/13 13:05:00,22.94
304.98000000000002,2022/05/13 13:05:00,25.02
305.39999999999998,2022/05/13 13:05:00,27.51
305.82999999999998,2022/05/13 13:05:00,29.9
306.25999999999999,2022/05/13 13:05:00,32.72
306.68000000000001,2022/05/13 13:05:00,35.73
307.11000000000001,2022/05/13 13:05:00,39.08
307.54000000000002,2022/05/13 13:05:00,42.76
307.95999999999998,2022/05/13 13:05:00,46.39
308.38999999999999,2022/05/13 13:05:00,50.61
308.81999999999999,2022/05/13 13:05:00,54.9
309.25,2022/05/13 13:05:00,59.32
309.67000000000002,2022/05/13 13:05:00,63.81
310.10000000000002,2022/05/13 13:05:00,68.28
310.52999999999997,2022/05/13 13:05:00,73.12
310.94999999999999,2022/05/13 13:05:00,78.01
311.38,2022/05/13 13:05:00,83.04
311.81,2022/05/13 13:05:00,88.22
312.23000000000002,2022/05/13 13:05:00,93.53
312.66000000000003,2022/05/13 13:05:00,98.59
313.08999999999997,2022/05/13 13:05:00,103.68
313.50999999999999,2022/05/13 13:05:00,108.92
313.94,2022/05/13 13:05:00,114.31
314.37,2022/05/13 13:05:00,119.63
314.79000000000002,2022/05/13 13:05:00,124.92
315.22000000000003,2022/05/13 13:05:00,130.44
315.64999999999998,2022/05/13 13:05:00,136.03
316.06999999999999,2022/05/13 13:05:00,141.91
316.5,2022/05/13 13:05:00,147.47
316.92000000000002,2022/05/13 13:05:00,152.78
317.35000000000002,2022/05/13 13:05:00,158.41
317.77999999999997,2022/05/13 13:05:00,163.9
318.19999999999999,2022/05/13 13:05:00,169.13
318.63,2022/05/13 13:05:00,174.34
319.06,2022/05/13 13:05:00,179.1
319.48000000000002,2022/05/13 13:05:00,184.17
319.91000000000003,2022/05/13 13:05:00,189.55
320.33999999999997,2022/05/13 13:05:00,194.48
320.75999999999999,2022/05/13 13:05:00,199.83
321.19,2022/05/13 13:05:00,205.69
321.61000000000001,2022/05/13 13:05:00,211.82
322.04000000000002,2022/05/13 13:05:00,218.17
322.47000000000003,2022/05/13 13:05:00,225.4
322.88999999999999,2022/05/13 13:05:00,232.92
323.31999999999999,2022/05/13 13:05:00,240.73
323.75,2022/05/13 13:05:00,248.43
324.17000000000002,2022/05/13 13:05:00,256.6
324.60000000000002,2022/05/13 13:05:00,264.39
325.01999999999998,2022/05/13 13:05:00,272.4
325.44999999999999,2022/05/13 13:05:00,280.78
325.88,2022/05/13 13:05:00,289.55
326.30000000000001,2022/05/13 13:05:00,297.93
326.73000000000002,2022/05/13 13:05:00,306.67
327.14999999999998,2022/05/13 13:05:00,314.61
327.57999999999998,2022/05/13 13:05:00,321.23
328.00999999999999,2022/05/13 13:05:00,326.56
328.43000000000001,2022/05/13 13:05:00,331.66
328.86000000000001,2022/05/13 13:05:00,334.96
329.27999999999997,2022/05/13 13:05:00,337.95
329.70999999999998,2022/05/13 13:05:00,340.8
330.13999999999999,2022/05/13 13:05:00,343.02
330.56,2022/05/13 13:05:00,344.54
330.99000000000001,2022/05/13 13:05:00,345.67
331.41000000000003,2022/05/13 13:05:00,346.52
331.83999999999997,2022/05/13 13:05:00,346.73
332.26999999999998,2022/05/13 13:05:00,346.49
332.69,2022/05/13 13:05:00,345.86
333.12,2022/05/13 13:05:00,344.26
333.54000000000002,2022/05/13 13:05:00,342.9
333.97000000000003,2022/05/13 13:05:00,341.66
334.39999999999998,2022/05/13 13:05:00,340.73
334.81999999999999,2022/05/13 13:05:00,340.42
335.25,2022/05/13 13:05:00,340.46
335.67000000000002,2022/05/13 13:05:00,341.11
336.10000000000002,2022/05/13 13:05:00,341.89
336.51999999999998,2022/05/13 13:05:00,343.17
336.94999999999999,2022/05/13 13:05:00,344.52
337.38,2022/05/13 13:05:00,346.07
337.80000000000001,2022/05/13 13:05:00,348.4
338.23000000000002,2022/05/13 13:05:00,350.23
338.64999999999998,2022/05/13 13:05:00,351.59
339.07999999999998,2022/05/13 13:05:00,353.15
339.5,2022/05/13 13:05:00,355.27
339.93000000000001,2022/05/13 13:05:00,357.29
340.35000000000002,2022/05/13 13:05:00,358.99
340.77999999999997,2022/05/13 13:05:00,360.0
341.20999999999998,2022/05/13 13:05:00,360.36
341.63,2022/05/13 13:05:00,360.72
342.06,2022/05/13 13:05:00,360.49
342.48000000000002,2022/05/13 13:05:00,359.87
342.91000000000003,2022/05/13 13:05:00,359.25
343.32999999999998,2022/05/13 13:05:00,359.22
343.75999999999999,2022/05/13 13:05:00,359.36
344.18000000000001,2022/05/13 13:05:00,359.14
344.61000000000001,2022/05/13 13:05:00,358.75
345.02999999999997,2022/05/13 13:05:00,358.9
345.45999999999998,2022/05/13 13:05:00,359.58
345.88,2022/05/13 13:05:00,360.68
346.31,2022/05/13 13:05:00,361.97
346.73000000000002,2022/05/13 13:05:00,363.98
347.16000000000003,2022/05/13 13:05:00,366.38
347.58999999999997,2022/05/13 13:05:00,368.95
348.00999999999999,2022/05/13 13:05:00,371.96
348.44,2022/05/13 13:05:00,374.93
348.86000000000001,2022/05/13 13:05:00,378.0
349.29000000000002,2022/05/13 13:05:00,381.06
349.70999999999998,2022/05/13 13:05:00,383.65
350.13999999999999,2022/05/13 13:05:00,384.17
350.56,2022/05/13 13:05:00,387.59
350.99000000000001,2022/05/13 13:05:00,391.4
351.41000000000003,2022/05/13 13:05:00,395.25
351.83999999999997,2022/05/13 13:05:00,398.63
352.25999999999999,2022/05/13 13:05:00,401.48
352.69,2022/05/13 13:05:00,403.04
353.11000000000001,2022/05/13 13:05:00,403.42
353.54000000000002,2022/05/13 13:05:00,403.31
353.95999999999998,2022/05/13 13:05:00,402.15
354.38999999999999,2022/05/13 13:05:00,400.65
354.81,2022/05/13 13:05:00,398.1
355.24000000000001,2022/05/13 13:05:00,395.79
355.66000000000003,2022/05/13 13:05:00,394.04
356.08999999999997,2022/05/13 13:05:00,392.51
356.50999999999999,2022/05/13 13:05:00,391.88
356.94,2022/05/13 13:05:00,390.93
357.36000000000001,2022/05/13 13:05:00,390.29
357.79000000000002,2022/05/13 13:05:00,389.32
358.20999999999998,2022/05/13 13:05:00,388.65
358.63999999999999,2022/05/13 13:05:00,388.24
359.06,2022/05/13 13:05:00,389.37
359.48000000000002,2022/05/13 13:05:00,391.54
359.91000000000003,2022/05/13 13:05:00,395.04
360.32999999999998,2022/05/13 13:05:00,399.85
360.75999999999999,2022/05/13 13:05:00,405.41
361.18000000000001,2022/05/13 13:05:00,412.06
361.61000000000001,2022/05/13 13:05:00,419.19
362.02999999999997,2022/05/13 13:05:00,426.09
362.45999999999998,2022/05/13 13:05:00,433.51
362.88,2022/05/13 13:05:00,440.54
363.31,2022/05/13 13:05:00,447.42
363.73000000000002,2022/05/13 13:05:00,453.8
364.16000000000003,2022/05/13 13:05:00,460.38
364.57999999999998,2022/05/13 13:05:00,466.75
365,2022/05/13 13:05:00,472.82
365.43000000000001,2022/05/13 13:05:00,478.63
365.85000000000002,2022/05/13 13:05:00,484.67
366.27999999999997,2022/05/13 13:05:00,489.46
366.69999999999999,2022/05/13 13:05:00,493.63
367.13,2022/05/13 13:05:00,497.19
367.55000000000001,2022/05/13 13:05:00,499.9
367.98000000000002,2022/05/13 13:05:00,501.21
368.39999999999998,2022/05/13 13:05:00,501.77
368.81999999999999,2022/05/13 13:05:00,500.73
369.25,2022/05/13 13:05:00,498.1
369.67000000000002,2022/05/13 13:05:00,494.75
370.10000000000002,2022/05/13 13:05:00,490.63
370.51999999999998,2022/05/13 13:05:00,485.58
370.94999999999999,2022/05/13 13:05:00,480.97
371.37,2022/05/13 13:05:00,476.7
371.80000000000001,2022/05/13 13:05:00,473.01
372.22000000000003,2022/05/13 13:05:00,470.59
372.63999999999999,2022/05/13 13:05:00,469.94
373.06999999999999,2022/05/13 13:05:00,470.17
373.49000000000001,2022/05/13 13:05:00,469.82
373.92000000000002,2022/05/13 13:05:00,470.96
374.33999999999997,2022/05/13 13:05:00,472.53
374.75999999999999,2022/05/13 13:05:00,475.43
375.19,2022/05/13 13:05:00,479.95
375.61000000000001,2022/05/13 13:05:00,485.61
376.04000000000002,2022/05/13 13:05:00,491.69
376.45999999999998,2022/05/13 13:05:00,495.63
376.88,2022/05/13 13:05:00,499.1
377.31,2022/05/13 13:05:00,501.69
377.73000000000002,2022/05/13 13:05:00,502.62
378.16000000000003,2022/05/13 13:05:00,503.21
378.57999999999998,2022/05/13 13:05:00,502.81
379.00999999999999,2022/05/13 13:05:00,500.36
379.43000000000001,2022/05/13 13:05:00,494.25
379.85000000000002,2022/05/13 13:05:00,486.49
380.27999999999997,2022/05/13 13:05:00,478.94
380.69999999999999,2022/05/13 13:05:00,471.9
381.12,2022/05/13 13:05:00,464.45
381.55000000000001,2022/05/13 13:05:00,456.8
381.97000000000003,2022/05/13 13:05:00,449.92
382.39999999999998,2022/05/13 13:05:00,445.11
382.81999999999999,2022/05/13 13:05:00,441.73
383.24000000000001,2022/05/13 13:05:00,438.3
383.67000000000002,2022/05/13 13:05:00,435.25
384.08999999999997,2022/05/13 13:05:00,434.07
384.51999999999998,2022/05/13 13:05:00,434.85
384.94,2022/05/13 13:05:00,437.22
385.36000000000001,2022/05/13 13:05:00,440.4
385.79000000000002,2022/05/13 13:05:00,445.1
386.20999999999998,2022/05/13 13:05:00,452.18
386.63,2022/05/13 13:05:00,460.67
387.06,2022/05/13 13:05:00,469.46
387.48000000000002,2022/05/13 13:05:00,478.1
387.89999999999998,2022/05/13 13:05:00,485.67
388.32999999999998,2022/05/13 13:05:00,491.84
388.75,2022/05/13 13:05:00,495.85
389.18000000000001,2022/05/13 13:05:00,497.54
389.60000000000002,2022/05/13 13:05:00,496.82
390.01999999999998,2022/05/13 13:05:00,495.09
390.44999999999999,2022/05/13 13:05:00,493.57
390.87,2022/05/13 13:05:00,491.55
391.29000000000002,2022/05/13 13:05:00,490.04
391.72000000000003,2022/05/13 13:05:00,488.66
392.13999999999999,2022/05/13 13:05:00,487.28
392.56,2022/05/13 13:05:00,486.22
392.99000000000001,2022/05/13 13:05:00,484.65
393.41000000000003,2022/05/13 13:05:00,481.61
393.82999999999998,2022/05/13 13:05:00,478.44
394.25999999999999,2022/05/13 13:05:00,477.01
394.68000000000001,2022/05/13 13:05:00,478.76
395.10000000000002,2022/05/13 13:05:00,483.96
395.52999999999997,2022/05/13 13:05:00,493.45
395.94999999999999,2022/05/13 13:05:00,506.92
396.37,2022/05/13 13:05:00,523.47
396.80000000000001,2022/05/13 13:05:00,542.44
397.22000000000003,2022/05/13 13:05:00,562.05
397.63999999999999,2022/05/13 13:05:00,582.17
398.06999999999999,2022/05/13 13:05:00,601.41
398.49000000000001,2022/05/13 13:05:00,619.88
398.91000000000003,2022/05/13 13:05:00,637.83
399.33999999999997,2022/05/13 13:05:00,654.96
399.75999999999999,2022/05/13 13:05:00,672.09
400.18000000000001,2022/05/13 13:05:00,688.88
400.61000000000001,2022/05/13 13:05:00,704.52
401.02999999999997,2022/05/13 13:05:00,717.76
401.44999999999999,2022/05/13 13:05:00,727.91
401.88,2022/05/13 13:05:00,734.5
402.30000000000001,2022/05/13 13:05:00,738.12
402.72000000000003,2022/05/13 13:05:00,738.94
403.14999999999998,2022/05/13 13:05:00,739.05
403.56999999999999,2022/05/13 13:05:00,739.07
403.99000000000001,2022/05/13 13:05:00,738.04
404.41000000000003,2022/05/13 13:05:00,735.37
404.83999999999997,2022/05/13 13:05:00,732.69
405.25999999999999,2022/05/13 13:05:00,729.52
405.68000000000001,2022/05/13 13:05:00,726.79
406.11000000000001,2022/05/13 13:05:00,724.23
406.52999999999997,2022/05/13 13:05:00,721.83
406.94999999999999,2022/05/13 13:05:00,719.74
407.37,2022/05/13 13:05:00,719.9
407.80000000000001,2022/05/13 13:05:00,721.05
408.22000000000003,2022/05/13 13:05:00,722.47
408.63999999999999,2022/05/13 13:05:00,724.41
409.06999999999999,2022/05/13 13:05:00,727.03
409.49000000000001,2022/05/13 13:05:00,730.35
409.91000000000003,2022/05/13 13:05:00,734.79
410.32999999999998,2022/05/13 13:05:00,739.77
410.75999999999999,2022/05/13 13:05:00,745.55
411.18000000000001,2022/05/13 13:05:00,750.62
411.60000000000002,2022/05/13 13:05:00,755.26
412.02999999999997,2022/05/13 13:05:00,760.21
412.44999999999999,2022/05/13 13:05:00,766.69
412.87,2022/05/13 13:05:00,773.17
413.29000000000002,2022/05/13 13:05:00,778.08
413.72000000000003,2022/05/13 13:05:00,782.16
414.13999999999999,2022/05/13 13:05:00,786.95
414.56,2022/05/13 13:05:00,791.29
414.98000000000002,2022/05/13 13:05:00,795.1
415.41000000000003,2022/05/13 13:05:00,796.81
415.82999999999998,2022/05/13 13:05:00,797.79
416.25,2022/05/13 13:05:00,799.23
416.67000000000002,2022/05/13 13:05:00,801.18
417.10000000000002,2022/05/13 13:05:00,803.05
417.51999999999998,2022/05/13 13:05:00,804.44
417.94,2022/05/13 13:05:00,804.79
418.36000000000001,2022/05/13 13:05:00,803.95
418.79000000000002,2022/05/13 13:05:00,802.07
419.20999999999998,2022/05/13 13:05:00,801.06
419.63,2022/05/13 13:05:00,801.31
420.05000000000001,2022/05/13 13:05:00,801.45
420.48000000000002,2022/05/13 13:05:00,801.04
420.89999999999998,2022/05/13 13:05:00,801.4
421.31999999999999,2022/05/13 13:05:00,801.68
421.74000000000001,2022/05/13 13:05:00,802.27
422.17000000000002,2022/05/13 13:05:00,802.6
422.58999999999997,2022/05/13 13:05:00,802.45
423.00999999999999,2022/05/13 13:05:00,801.69
423.43000000000001,2022/05/13 13:05:00,798.92
423.86000000000001,2022/05/13 13:05:00,796.54
424.27999999999997,2022/05/13 13:05:00,793.96
424.69999999999999,2022/05/13 13:05:00,790.93
425.12,2022/05/13 13:05:00,788.03
425.54000000000002,2022/05/13 13:05:00,783.23
425.97000000000003,2022/05/13 13:05:00,777.22
426.38999999999999,2022/05/13 13:05:00,770.51
426.81,2022/05/13 13:05:00,763.37
427.23000000000002,2022/05/13 13:05:00,755.89
427.66000000000003,2022/05/13 13:05:00,747.95
428.07999999999998,2022/05/13 13:05:00,740.65
428.5,2022/05/13 13:05:00,734.0
428.92000000000002,2022/05/13 13:05:00,729.75
429.33999999999997,2022/05/13 13:05:00,726.93
429.76999999999998,2022/05/13 13:05:00,725.51
430.19,2022/05/13 13:05:00,724.98
430.61000000000001,2022/05/13 13:05:00,725.53
431.02999999999997,2022/05/13 13:05:00,726.75
431.44999999999999,2022/05/13 13:05:00,729.23
431.88,2022/05/13 13:05:00,732.75
432.30000000000001,2022/05/13 13:05:00,738.27
432.72000000000003,2022/05/13 13:05:00,744.93
433.13999999999999,2022/05/13 13:05:00,752.61
433.56,2022/05/13 13:05:00,761.29
433.99000000000001,2022/05/13 13:05:00,769.61
434.41000000000003,2022/05/13 13:05:00,776.08
434.82999999999998,2022/05/13 13:05:00,780.71
435.25,2022/05/13 13:05:00,782.57
435.67000000000002,2022/05/13 13:05:00,783.33
436.08999999999997,2022/05/13 13:05:00,782.42
436.51999999999998,2022/05/13 13:05:00,781.44
436.94,2022/05/13 13:05:00,781.56
437.36000000000001,2022/05/13 13:05:00,783.0
437.77999999999997,2022/05/13 13:05:00,784.49
438.19999999999999,2022/05/13 13:05:00,785.85
438.63,2022/05/13 13:05:00,786.3
439.05000000000001,2022/05/13 13:05:00,786.93
439.47000000000003,2022/05/13 13:05:00,787.57
439.88999999999999,2022/05/13 13:05:00,788.29
440.31,2022/05/13 13:05:00,790.66
440.73000000000002,2022/05/13 13:05:00,793.52
441.16000000000003,2022/05/13 13:05:00,796.64
441.57999999999998,2022/05/13 13:05:00,800.11
442,2022/05/13 13:05:00,804.21
442.42000000000002,2022/05/13 13:05:00,808.67
442.83999999999997,2022/05/13 13:05:00,812.65
443.25999999999999,2022/05/13 13:05:00,817.25
443.68000000000001,2022/05/13 13:05:00,822.11
444.11000000000001,2022/05/13 13:05:00,826.94
444.52999999999997,2022/05/13 13:05:00,831.82
444.94999999999999,2022/05/13 13:05:00,836.85
445.37,2022/05/13 13:05:00,844.08
445.79000000000002,2022/05/13 13:05:00,851.56
446.20999999999998,2022/05/13 13:05:00,859.32
446.63999999999999,2022/05/13 13:05:00,866.31
447.06,2022/05/13 13:05:00,873.95
447.48000000000002,2022/05/13 13:05:00,883.64
447.89999999999998,2022/05/13 13:05:00,892.84
448.31999999999999,2022/05/13 13:05:00,901.43
448.74000000000001,2022/05/13 13:05:00,909.95
449.16000000000003,2022/05/13 13:05:00,918.08
449.57999999999998,2022/05/13 13:05:00,926.13
450.00999999999999,2022/05/13 13:05:00,933.22
450.43000000000001,2022/05/13 13:05:00,939.93
450.85000000000002,2022/05/13 13:05:00,945.82
451.26999999999998,2022/05/13 13:05:00,950.51
451.69,2022/05/13 13:05:00,954.52
452.11000000000001,2022/05/13 13:05:00,958.29
452.52999999999997,2022/05/13 13:05:00,962.36
452.94999999999999,2022/05/13 13:05:00,966.74
453.38,2022/05/13 13:05:00,970.68
453.80000000000001,2022/05/13 13:05:00,973.87
454.22000000000003,2022/05/13 13:05:00,976.82
454.63999999999999,2022/05/13 13:05:00,979.23
455.06,2022/05/13 13:05:00,980.79
455.48000000000002,2022/05/13 13:05:00,984.45
455.89999999999998,2022/05/13 13:05:00,988.2
456.31999999999999,2022/05/13 13:05:00,992.4
456.75,2022/05/13 13:05:00,996.82
457.17000000000002,2022/05/13 13:05:00,1000.92
457.58999999999997,2022/05/13 13:05:00,1005.38
458.00999999999999,2022/05/13 13:05:00,1008.59
458.43000000000001,2022/05/13 13:05:00,1012.11
458.85000000000002,2022/05/13 13:05:00,1015.71
459.26999999999998,2022/05/13 13:05:00,1018.02
459.69,2022/05/13 13:05:00,1019.76
460.11000000000001,2022/05/13 13:05:00,1021.06
460.52999999999997,2022/05/13 13:05:00,1022.76
460.94999999999999,2022/05/13 13:05:00,1023.92
461.38,2022/05/13 13:05:00,1025.16
461.80000000000001,2022/05/13 13:05:00,1025.84
462.22000000000003,2022/05/13 13:05:00,1027.46
462.63999999999999,2022/05/13 13:05:00,1028.41
463.06,2022/05/13 13:05:00,1028.86
463.48000000000002,2022/05/13 13:05:00,1028.07
463.89999999999998,2022/05/13 13:05:00,1027.73
464.31999999999999,2022/05/13 13:05:00,1026.43
464.74000000000001,2022/05/13 13:05:00,1025.04
465.16000000000003,2022/05/13 13:05:00,1022.2
465.57999999999998,2022/05/13 13:05:00,1019.29
466,2022/05/13 13:05:00,1016.06
466.43000000000001,2022/05/13 13:05:00,1012.55
466.85000000000002,2022/05/13 13:05:00,1009.0
467.26999999999998,2022/05/13 13:05:00,1006.24
467.69,2022/05/13 13:05:00,1004.11
468.11000000000001,2022/05/13 13:05:00,1002.01
468.52999999999997,2022/05/13 13:05:00,1000.22
468.94999999999999,2022/05/13 13:05:00,999.46
469.37,2022/05/13 13:05:00,998.75
469.79000000000002,2022/05/13 13:05:00,1000.18
470.20999999999998,2022/05/13 13:05:00,1000.15
470.63,2022/05/13 13:05:00,1000.25
471.05000000000001,2022/05/13 13:05:00,1001.31
471.47000000000003,2022/05/13 13:05:00,1002.79
471.88999999999999,2022/05/13 13:05:00,1003.41
472.31,2022/05/13 13:05:00,1003.8
472.73000000000002,2022/05/13 13:05:00,1004.82
473.14999999999998,2022/05/13 13:05:00,1006.62
473.56999999999999,2022/05/13 13:05:00,1008.38
474,2022/05/13 13:05:00,1009.84
474.42000000000002,2022/05/13 13:05:00,1011.46
474.83999999999997,2022/05/13 13:05:00,1011.73
475.25999999999999,2022/05/13 13:05:00,1010.77
475.68000000000001,2022/05/13 13:05:00,1010.86
476.10000000000002,2022/05/13 13:05:00,1010.78
476.51999999999998,2022/05/13 13:05:00,1011.58
476.94,2022/05/13 13:05:00,1011.47
477.36000000000001,2022/05/13 13:05:00,1011.36
477.77999999999997,2022/05/13 13:05:00,1012.06
478.19999999999999,2022/05/13 13:05:00,1013.34
478.62,2022/05/13 13:05:00,1015.41
479.04000000000002,2022/05/13 13:05:00,1016.72
479.45999999999998,2022/05/13 13:05:00,1015.57
479.88,2022/05/13 13:05:00,1014.68
480.30000000000001,2022/05/13 13:05:00,1012.48
480.72000000000003,2022/05/13 13:05:00,1009.52
481.13999999999999,2022/05/13 13:05:00,1007.3
481.56,2022/05/13 13:05:00,1004.14
481.98000000000002,2022/05/13 13:05:00,999.8
482.39999999999998,2022/05/13 13:05:00,992.62
482.81999999999999,2022/05/13 13:05:00,984.15
483.24000000000001,2022/05/13 13:05:00,977.15
483.66000000000003,2022/05/13 13:05:00,968.21
484.07999999999998,2022/05/13 13:05:00,959.92
484.5,2022/05/13 13:05:00,952.13
484.92000000000002,2022/05/13 13:05:00,945.63
485.33999999999997,2022/05/13 13:05:00,939.89
485.75999999999999,2022/05/13 13:05:00,935.64
486.18000000000001,2022/05/13 13:05:00,932.34
486.60000000000002,2022/05/13 13:05:00,930.06
487.01999999999998,2022/05/13 13:05:00,928.07
487.44,2022/05/13 13:05:00,927.14
487.86000000000001,2022/05/13 13:05:00,928.18
488.27999999999997,2022/05/13 13:05:00,928.23
488.69999999999999,2022/05/13 13:05:00,929.93
489.12,2022/05/13 13:05:00,932.38
489.54000000000002,2022/05/13 13:05:00,934.57
489.95999999999998,2022/05/13 13:05:00,939.53
490.38,2022/05/13 13:05:00,943.25
490.80000000000001,2022/05/13 13:05:00,946.26
491.22000000000003,2022/05/13 13:05:00,948.02
491.63999999999999,2022/05/13 13:05:00,949.95
492.06,2022/05/13 13:05:00,952.82
492.48000000000002,2022/05/13 13:05:00,952.49
492.89999999999998,2022/05/13 13:05:00,952.81
493.31999999999999,2022/05/13 13:05:00,953.34
493.74000000000001,2022/05/13 13:05:00,953.4
494.16000000000003,2022/05/13 13:05:00,952.68
494.57999999999998,2022/05/13 13:05:00,951.91
495,2022/05/13 13:05:00,950.45
495.42000000000002,2022/05/13 13:05:00,949.48
495.83999999999997,2022/05/13 13:05:00,947.91
496.25999999999999,2022/05/13 13:05:00,945.4
496.67000000000002,2022/05/13 13:05:00,941.45
497.08999999999997,2022/05/13 13:05:00,937.11
497.50999999999999,2022/05/13 13:05:00,932.28
497.93000000000001,2022/05/13 13:05:00,926.54
498.35000000000002,2022/05/13 13:05:00,919.93
498.76999999999998,2022/05/13 13:05:00,912.48
499.19,2022/05/13 13:05:00,905.04
499.61000000000001,2022/05/13 13:05:00,898.69
500.02999999999997,2022/05/13 13:05:00,891.74
500.44999999999999,2022/05/13 13:05:00,885.39
500.87,2022/05/13 13:05:00,879.96
501.29000000000002,2022/05/13 13:05:00,873.63
501.70999999999998,2022/05/13 13:05:00,867.82
502.13,2022/05/13 13:05:00,862.6
502.55000000000001,2022/05/13 13:05:00,857.32
502.97000000000003,2022/05/13 13:05:00,853.71
503.38999999999999,2022/05/13 13:05:00,850.27
503.81,2022/05/13 13:05:00,847.83
504.22000000000003,2022/05/13 13:05:00,845.3
504.63999999999999,2022/05/13 13:05:00,843.2
505.06,2022/05/13 13:05:00,842.63
505.48000000000002,2022/05/13 13:05:00,842.14
505.89999999999998,2022/05/13 13:05:00,842.38
506.31999999999999,2022/05/13 13:05:00,844.09
506.74000000000001,2022/05/13 13:05:00,846.01
507.16000000000003,2022/05/13 13:05:00,848.42
507.57999999999998,2022/05/13 13:05:00,851.94
508,2022/05/13 13:05:00,856.3
508.42000000000002,2022/05/13 13:05:00,861.5
508.83999999999997,2022/05/13 13:05:00,867.97
509.25999999999999,2022/05/13 13:05:00,874.1
509.67000000000002,2022/05/13 13:05:00,880.31
510.08999999999997,2022/05/13 13:05:00,887.66
510.50999999999999,2022/05/13 13:05:00,894.17
510.93000000000001,2022/05/13 13:05:00,900.41
511.35000000000002,2022/05/13 13:05:00,907.02
511.76999999999998,2022/05/13 13:05:00,913.36
512.19000000000005,2022/05/13 13:05:00,919.24
512.61000000000001,2022/05/13 13:05:00,923.59
513.02999999999997,2022/05/13 13:05:00,926.46
513.45000000000005,2022/05/13 13:05:00,928.39
513.86000000000001,2022/05/13 13:05:00,928.82
514.27999999999997,2022/05/13 13:05:00,927.91
514.70000000000005,2022/05/13 13:05:00,925.83
515.12,2022/05/13 13:05:00,923.67
515.53999999999996,2022/05/13 13:05:00,921.85
515.96000000000004,2022/05/13 13:05:00,920.94
516.38,2022/05/13 13:05:00,918.94
516.79999999999995,2022/05/13 13:05:00,919.29
517.22000000000003,2022/05/13 13:05:00,919.85
517.63,2022/05/13 13:05:00,920.63
518.04999999999995,2022/05/13 13:05:00,922.53
518.47000000000003,2022/05/13 13:05:00,923.73
518.88999999999999,2022/05/13 13:05:00,926.14
519.30999999999995,2022/05/13 13:05:00,929.04
519.73000000000002,2022/05/13 13:05:00,932.96
520.14999999999998,2022/05/13 13:05:00,937.08
520.57000000000005,2022/05/13 13:05:00,940.59
520.98000000000002,2022/05/13 13:05:00,945.36
521.39999999999998,2022/05/13 13:05:00,949.02
521.82000000000005,2022/05/13 13:05:00,953.07
522.24000000000001,2022/05/13 13:05:00,954.97
522.65999999999997,2022/05/13 13:05:00,956.81
523.08000000000004,2022/05/13 13:05:00,956.43
523.5,2022/05/13 13:05:00,955.5
523.90999999999997,2022/05/13 13:05:00,953.4
524.33000000000004,2022/05/13 13:05:00,951.0
524.75,2022/05/13 13:05:00,948.01
525.16999999999996,2022/05/13 13:05:00,947.19
525.59000000000003,2022/05/13 13:05:00,946.52
526.00999999999999,2022/05/13 13:05:00,946.52
526.42999999999995,2022/05/13 13:05:00,946.27
526.84000000000003,2022/05/13 13:05:00,946.89
527.25999999999999,2022/05/13 13:05:00,946.11
527.67999999999995,2022/05/13 13:05:00,945.45
528.10000000000002,2022/05/13 13:05:00,945.3
528.51999999999998,2022/05/13 13:05:00,945.79
528.94000000000005,2022/05/13 13:05:00,945.68
529.35000000000002,2022/05/13 13:05:00,945.91
529.76999999999998,2022/05/13 13:05:00,946.29
530.19000000000005,2022/05/13 13:05:00,947.5
530.61000000000001,2022/05/13 13:05:00,947.24
531.02999999999997,2022/05/13 13:05:00,947.79
531.45000000000005,2022/05/13 13:05:00,947.05
531.86000000000001,2022/05/13 13:05:00,946.83
532.27999999999997,2022/05/13 13:05:00,946.09
532.70000000000005,2022/05/13 13:05:00,944.86
533.12,2022/05/13 13:05:00,943.55
533.53999999999996,2022/05/13 13:05:00,941.76
533.95000000000005,2022/05/13 13:05:00,940.86
534.37,2022/05/13 13:05:00,939.25
534.78999999999996,2022/05/13 13:05:00,937.32
535.21000000000004,2022/05/13 13:05:00,935.74
535.63,2022/05/13 13:05:00,934.09
536.04999999999995,2022/05/13 13:05:00,933.38
536.46000000000004,2022/05/13 13:05:00,932.02
536.88,2022/05/13 13:05:00,930.92
537.29999999999995,2022/05/13 13:05:00,929.12
537.72000000000003,2022/05/13 13:05:00,926.98
538.13999999999999,2022/05/13 13:05:00,924.7
538.54999999999995,2022/05/13 13:05:00,921.65
538.97000000000003,2022/05/13 13:05:00,919.99
539.38999999999999,2022/05/13 13:05:00,917.22
539.80999999999995,2022/05/13 13:05:00,915.09
540.23000000000002,2022/05/13 13:05:00,912.84
540.63999999999999,2022/05/13 13:05:00,911.69
541.05999999999995,2022/05/13 13:05:00,911.03
541.48000000000002,2022/05/13 13:05:00,910.11
541.89999999999998,2022/05/13 13:05:00,909.74
542.32000000000005,2022/05/13 13:05:00,908.59
542.73000000000002,2022/05/13 13:05:00,909.17
543.14999999999998,2022/05/13 13:05:00,909.71
543.57000000000005,2022/05/13 13:05:00,910.51
543.99000000000001,2022/05/13 13:05:00,911.42
544.39999999999998,2022/05/13 13:05:00,911.74
544.82000000000005,2022/05/13 13:05:00,911.81
545.24000000000001,2022/05/13 13:05:00,911.09
545.65999999999997,2022/05/13 13:05:00,910.74
546.08000000000004,2022/05/13 13:05:00,911.54
546.49000000000001,2022/05/13 13:05:00,911.26
546.90999999999997,2022/05/13 13:05:00,910.64
547.33000000000004,2022/05/13 13:05:00,909.92
547.75,2022/05/13 13:05:00,909.36
548.15999999999997,2022/05/13 13:05:00,908.79
548.58000000000004,2022/05/13 13:05:00,908.69
549,2022/05/13 13:05:00,907.34
549.41999999999996,2022/05/13 13:05:00,906.35
549.83000000000004,2022/05/13 13:05:00,905.97
550.25,2022/05/13 13:05:00,904.8
550.66999999999996,2022/05/13 13:05:00,904.52
551.09000000000003,2022/05/13 13:05:00,903.48
551.5,2022/05/13 13:05:00,903.5
551.91999999999996,2022/05/13 13:05:00,903.62
552.34000000000003,2022/05/13 13:05:00,903.36
552.75999999999999,2022/05/13 13:05:00,901.98
553.16999999999996,2022/05/13 13:05:00,900.6
553.59000000000003,2022/05/13 13:05:00,899.05
554.00999999999999,2022/05/13 13:05:00,897.7
554.42999999999995,2022/05/13 13:05:00,896.21
554.84000000000003,2022/05/13 13:05:00,893.88
555.25999999999999,2022/05/13 13:05:00,891.24
555.67999999999995,2022/05/13 13:05:00,888.6
556.10000000000002,2022/05/13 13:05:00,885.6
556.50999999999999,2022/05/13 13:05:00,884.27
556.92999999999995,2022/05/13 13:05:00,882.14
557.35000000000002,2022/05/13 13:05:00,880.91
557.76999999999998,2022/05/13 13:05:00,879.04
558.17999999999995,2022/05/13 13:05:00,876.66
558.60000000000002,2022/05/13 13:05:00,874.94
559.01999999999998,2022/05/13 13:05:00,873.9
559.42999999999995,2022/05/13 13:05:00,872.51
559.85000000000002,2022/05/13 13:05:00,871.67
560.26999999999998,2022/05/13 13:05:00,870.26
560.69000000000005,2022/05/13 13:05:00,870.28
561.10000000000002,2022/05/13 13:05:00,870.02
561.51999999999998,2022/05/13 13:05:00,869.47
561.94000000000005,2022/05/13 13:05:00,869.8
562.35000000000002,2022/05/13 13:05:00,868.84
562.76999999999998,2022/05/13 13:05:00,867.96
563.19000000000005,2022/05/13 13:05:00,867.21
563.61000000000001,2022/05/13 13:05:00,867.52
564.01999999999998,2022/05/13 13:05:00,867.2
564.44000000000005,2022/05/13 13:05:00,863.36
564.86000000000001,2022/05/13 13:05:00,859.3
565.26999999999998,2022/05/13 13:05:00,858.14
565.69000000000005,2022/05/13 13:05:00,857.84
566.11000000000001,2022/05/13 13:05:00,856.96
566.51999999999998,2022/05/13 13:05:00,853.74
566.94000000000005,2022/05/13 13:05:00,848.87
567.36000000000001,2022/05/13 13:05:00,847.49
567.76999999999998,2022/05/13 13:05:00,847.61
568.19000000000005,2022/05/13 13:05:00,846.79
568.61000000000001,2022/05/13 13:05:00,846.98
569.02999999999997,2022/05/13 13:05:00,846.64
569.44000000000005,2022/05/13 13:05:00,843.99
569.86000000000001,2022/05/13 13:05:00,841.33
570.27999999999997,2022/05/13 13:05:00,842.09
570.69000000000005,2022/05/13 13:05:00,843.16
571.11000000000001,2022/05/13 13:05:00,843.2
571.52999999999997,2022/05/13 13:05:00,840.29
571.94000000000005,2022/05/13 13:05:00,837.58
572.36000000000001,2022/05/13 13:05:00,838.29
572.77999999999997,2022/05/13 13:05:00,839.13
573.19000000000005,2022/05/13 13:05:00,839.89
573.61000000000001,2022/05/13 13:05:00,841.13
574.02999999999997,2022/05/13 13:05:00,842.34
574.44000000000005,2022/05/13 13:05:00,839.44
574.86000000000001,2022/05/13 13:05:00,837.39
575.27999999999997,2022/05/13 13:05:00,837.28
575.69000000000005,2022/05/13 13:05:00,836.64
576.11000000000001,2022/05/13 13:05:00,836.38
576.52999999999997,2022/05/13 13:05:00,832.68
576.94000000000005,2022/05/13 13:05:00,830.27
577.36000000000001,2022/05/13 13:05:00,830.66
577.77999999999997,2022/05/13 13:05:00,831.6
578.19000000000005,2022/05/13 13:05:00,833.76
578.61000000000001,2022/05/13 13:05:00,836.53
579.01999999999998,2022/05/13 13:05:00,839.02
579.44000000000005,2022/05/13 13:05:00,837.84
579.86000000000001,2022/05/13 13:05:00,837.31
580.26999999999998,2022/05/13 13:05:00,839.56
580.69000000000005,2022/05/13 13:05:00,842.37
581.11000000000001,2022/05/13 13:05:00,844.24
581.51999999999998,2022/05/13 13:05:00,842.79
581.94000000000005,2022/05/13 13:05:00,842.55
582.36000000000001,2022/05/13 13:05:00,843.56
582.76999999999998,2022/05/13 13:05:00,846.05
583.19000000000005,2022/05/13 13:05:00,847.18
583.60000000000002,2022/05/13 13:05:00,847.74
584.01999999999998,2022/05/13 13:05:00,847.35
584.44000000000005,2022/05/13 13:05:00,843.18
584.85000000000002,2022/05/13 13:05:00,837.85
585.26999999999998,2022/05/13 13:05:00,834.49
585.69000000000005,2022/05/13 13:05:00,832.58
586.10000000000002,2022/05/13 13:05:00,829.24
586.51999999999998,2022/05/13 13:05:00,822.02
586.92999999999995,2022/05/13 13:05:00,815.62
587.35000000000002,2022/05/13 13:05:00,811.24
587.76999999999998,2022/05/13 13:05:00,808.83
588.17999999999995,2022/05/13 13:05:00,805.86
588.60000000000002,2022/05/13 13:05:00,800.77
589.00999999999999,2022/05/13 13:05:00,796.89
589.42999999999995,2022/05/13 13:05:00,796.19
589.85000000000002,2022/05/13 13:05:00,795.81
590.25999999999999,2022/05/13 13:05:00,796.27
590.67999999999995,2022/05/13 13:05:00,796.56
591.09000000000003,2022/05/13 13:05:00,796.85
591.50999999999999,2022/05/13 13:05:00,796.21
591.92999999999995,2022/05/13 13:05:00,794.71
592.34000000000003,2022/05/13 13:05:00,797.51
592.75999999999999,2022/05/13 13:05:00,800.83
593.16999999999996,2022/05/13 13:05:00,802.65
593.59000000000003,2022/05/13 13:05:00,803.37
594.00999999999999,2022/05/13 13:05:00,802.6
594.41999999999996,2022/05/13 13:05:00,804.82
594.84000000000003,2022/05/13 13:05:00,806.99
595.25,2022/05/13 13:05:00,808.12
595.66999999999996,2022/05/13 13:05:00,808.98
596.08000000000004,2022/05/13 13:05:00,810.02
596.5,2022/05/13 13:05:00,808.29
596.91999999999996,2022/05/13 13:05:00,806.04
597.33000000000004,2022/05/13 13:05:00,806.41
597.75,2022/05/13 13:05:00,806.2
598.15999999999997,2022/05/13 13:05:00,806.45
598.58000000000004,2022/05/13 13:05:00,803.87
598.99000000000001,2022/05/13 13:05:00,801.87
599.40999999999997,2022/05/13 13:05:00,801.86
599.83000000000004,2022/05/13 13:05:00,802.8
600.24000000000001,2022/05/13 13:05:00,802.48
600.65999999999997,2022/05/13 13:05:00,801.11
601.07000000000005,2022/05/13 13:05:00,800.62
601.49000000000001,2022/05/13 13:05:00,802.05
601.89999999999998,2022/05/13 13:05:00,804.11
602.32000000000005,2022/05/13 13:05:00,805.85
602.73000000000002,2022/05/13 13:05:00,807.18
603.14999999999998,2022/05/13 13:05:00,808.96
603.55999999999995,2022/05/13 13:05:00,807.37
603.98000000000002,2022/05/13 13:05:00,806.7
604.39999999999998,2022/05/13 13:05:00,808.68
604.80999999999995,2022/05/13 13:05:00,809.46
605.23000000000002,2022/05/13 13:05:00,808.47
605.63999999999999,2022/05/13 13:05:00,807.25
606.05999999999995,2022/05/13 13:05:00,805.1
606.47000000000003,2022/05/13 13:05:00,805.7
606.88999999999999,2022/05/13 13:05:00,805.5
607.29999999999995,2022/05/13 13:05:00,803.33
607.72000000000003,2022/05/13 13:05:00,801.33
608.13,2022/05/13 13:05:00,798.95
608.54999999999995,2022/05/13 13:05:00,798.0
608.96000000000004,2022/05/13 13:05:00,798.14
609.38,2022/05/13 13:05:00,797.73
609.78999999999996,2022/05/13 13:05:00,797.89
610.21000000000004,2022/05/13 13:05:00,796.53
610.62,2022/05/13 13:05:00,793.08
611.03999999999996,2022/05/13 13:05:00,790.88
611.46000000000004,2022/05/13 13:05:00,790.5
611.87,2022/05/13 13:05:00,789.55
612.28999999999996,2022/05/13 13:05:00,787.72
612.70000000000005,2022/05/13 13:05:00,784.52
613.12,2022/05/13 13:05:00,782.39
613.52999999999997,2022/05/13 13:05:00,782.8
613.95000000000005,2022/05/13 13:05:00,782.49
614.36000000000001,2022/05/13 13:05:00,780.5
614.77999999999997,2022/05/13 13:05:00,779.17
615.19000000000005,2022/05/13 13:05:00,778.73
615.61000000000001,2022/05/13 13:05:00,778.73
616.01999999999998,2022/05/13 13:05:00,779.29
616.44000000000005,2022/05/13 13:05:00,780.59
616.85000000000002,2022/05/13 13:05:00,781.87
617.25999999999999,2022/05/13 13:05:00,780.79
617.67999999999995,2022/05/13 13:05:00,780.1
618.09000000000003,2022/05/13 13:05:00,780.65
618.50999999999999,2022/05/13 13:05:00,781.78
618.91999999999996,2022/05/13 13:05:00,783.46
619.34000000000003,2022/05/13 13:05:00,781.87
619.75,2022/05/13 13:05:00,779.28
620.16999999999996,2022/05/13 13:05:00,778.22
620.58000000000004,2022/05/13 13:05:00,778.74
621,2022/05/13 13:05:00,778.67
621.40999999999997,2022/05/13 13:05:00,775.27
621.83000000000004,2022/05/13 13:05:00,770.79
622.24000000000001,2022/05/13 13:05:00,769.25
622.65999999999997,2022/05/13 13:05:00,768.42
623.07000000000005,2022/05/13 13:05:00,766.61
623.49000000000001,2022/05/13 13:05:00,763.14
623.89999999999998,2022/05/13 13:05:00,759.42
624.32000000000005,2022/05/13 13:05:00,757.93
624.73000000000002,2022/05/13 13:05:00,756.76
625.13999999999999,2022/05/13 13:05:00,754.76
625.55999999999995,2022/05/13 13:05:00,751.45
625.97000000000003,2022/05/13 13:05:00,748.22
626.38999999999999,2022/05/13 13:05:00,747.5
626.79999999999995,2022/05/13 13:05:00,745.98
627.22000000000003,2022/05/13 13:05:00,745.62
627.63,2022/05/13 13:05:00,745.33
628.04999999999995,2022/05/13 13:05:00,746.39
628.46000000000004,2022/05/13 13:05:00,745.06
628.87,2022/05/13 13:05:00,742.58
629.28999999999996,2022/05/13 13:05:00,742.93
629.70000000000005,2022/05/13 13:05:00,743.07
630.12,2022/05/13 13:05:00,742.17
630.52999999999997,2022/05/13 13:05:00,741.14
630.95000000000005,2022/05/13 13:05:00,739.75
631.36000000000001,2022/05/13 13:05:00,740.76
631.76999999999998,2022/05/13 13:05:00,741.75
632.19000000000005,2022/05/13 13:05:00,742.53
632.60000000000002,2022/05/13 13:05:00,741.4
633.01999999999998,2022/05/13 13:05:00,740.69
633.42999999999995,2022/05/13 13:05:00,741.61
633.85000000000002,2022/05/13 13:05:00,741.85
634.25999999999999,2022/05/13 13:05:00,741.65
634.66999999999996,2022/05/13 13:05:00,739.22
635.09000000000003,2022/05/13 13:05:00,738.82
635.5,2022/05/13 13:05:00,738.91
635.91999999999996,2022/05/13 13:05:00,739.1
636.33000000000004,2022/05/13 13:05:00,737.68
636.74000000000001,2022/05/13 13:05:00,734.29
637.15999999999997,2022/05/13 13:05:00,732.3
637.57000000000005,2022/05/13 13:05:00,731.35
637.99000000000001,2022/05/13 13:05:00,730.59
638.39999999999998,2022/05/13 13:05:00,727.12
638.80999999999995,2022/05/13 13:05:00,724.32
639.23000000000002,2022/05/13 13:05:00,721.85
639.63999999999999,2022/05/13 13:05:00,720.62
640.05999999999995,2022/05/13 13:05:00,719.04
640.47000000000003,2022/05/13 13:05:00,714.65
640.88,2022/05/13 13:05:00,710.39
641.29999999999995,2022/05/13 13:05:00,707.76
641.71000000000004,2022/05/13 13:05:00,705.98
642.12,2022/05/13 13:05:00,704.07
642.53999999999996,2022/05/13 13:05:00,702.35
642.95000000000005,2022/05/13 13:05:00,700.76
643.37,2022/05/13 13:05:00,697.68
643.77999999999997,2022/05/13 13:05:00,694.62
644.19000000000005,2022/05/13 13:05:00,692.96
644.61000000000001,2022/05/13 13:05:00,692.28
645.01999999999998,2022/05/13 13:05:00,691.8
645.42999999999995,2022/05/13 13:05:00,690.93
645.85000000000002,2022/05/13 13:05:00,689.59
646.25999999999999,2022/05/13 13:05:00,691.06
646.67999999999995,2022/05/13 13:05:00,693.72
647.09000000000003,2022/05/13 13:05:00,696.12
647.5,2022/05/13 13:05:00,697.51
647.91999999999996,2022/05/13 13:05:00,700.18
648.33000000000004,2022/05/13 13:05:00,705.21
648.74000000000001,2022/05/13 13:05:00,711.66
649.15999999999997,2022/05/13 13:05:00,717.53
649.57000000000005,2022/05/13 13:05:00,722.78
649.98000000000002,2022/05/13 13:05:00,727.64
650.39999999999998,2022/05/13 13:05:00,734.86
650.80999999999995,2022/05/13 13:05:00,742.37
651.22000000000003,2022/05/13 13:05:00,747.45
651.63999999999999,2022/05/13 13:05:00,750.97
652.04999999999995,2022/05/13 13:05:00,754.06
652.46000000000004,2022/05/13 13:05:00,757.99
652.88,2022/05/13 13:05:00,761.36
653.28999999999996,2022/05/13 13:05:00,763.47
653.70000000000005,2022/05/13 13:05:00,764.78
654.12,2022/05/13 13:05:00,766.48
654.52999999999997,2022/05/13 13:05:00,769.12
654.94000000000005,2022/05/13 13:05:00,771.65
655.36000000000001,2022/05/13 13:05:00,773.81
655.76999999999998,2022/05/13 13:05:00,774.94
656.17999999999995,2022/05/13 13:05:00,777.22
656.60000000000002,2022/05/13 13:05:00,780.66
657.00999999999999,2022/05/13 13:05:00,783.57
657.41999999999996,2022/05/13 13:05:00,786.65
657.84000000000003,2022/05/13 13:05:00,789.22
658.25,2022/05/13 13:05:00,793.72
658.65999999999997,2022/05/13 13:05:00,798.85
659.07000000000005,2022/05/13 13:05:00,802.95
659.49000000000001,2022/05/13 13:05:00,804.54
659.89999999999998,2022/05/13 13:05:00,805.99
660.30999999999995,2022/05/13 13:05:00,806.87
660.73000000000002,2022/05/13 13:05:00,807.04
661.13999999999999,2022/05/13 13:05:00,804.97
661.54999999999995,2022/05/13 13:05:00,800.6
661.97000000000003,2022/05/13 13:05:00,794.35
662.38,2022/05/13 13:05:00,788.63
662.78999999999996,2022/05/13 13:05:00,783.17
663.20000000000005,2022/05/13 13:05:00,775.45
663.62,2022/05/13 13:05:00,766.19
664.02999999999997,2022/05/13 13:05:00,756.77
664.44000000000005,2022/05/13 13:05:00,750.12
664.86000000000001,2022/05/13 13:05:00,742.98
665.26999999999998,2022/05/13 13:05:00,734.15
665.67999999999995,2022/05/13 13:05:00,724.29
666.09000000000003,2022/05/13 13:05:00,713.95
666.50999999999999,2022/05/13 13:05:00,704.62
666.91999999999996,2022/05/13 13:05:00,697.17
667.33000000000004,2022/05/13 13:05:00,691.81
667.74000000000001,2022/05/13 13:05:00,687.2
668.15999999999997,2022/05/13 13:05:00,682.78
668.57000000000005,2022/05/13 13:05:00,677.85
668.98000000000002,2022/05/13 13:05:00,673.82
669.38999999999999,2022/05/13 13:05:00,673.39
669.80999999999995,2022/05/13 13:05:00,673.35
670.22000000000003,2022/05/13 13:05:00,673.84
670.63,2022/05/13 13:05:00,675.0
671.03999999999996,2022/05/13 13:05:00,677.65
671.46000000000004,2022/05/13 13:05:00,684.32
671.87,2022/05/13 13:05:00,691.6
672.27999999999997,2022/05/13 13:05:00,699.06
672.69000000000005,2022/05/13 13:05:00,706.47
673.11000000000001,2022/05/13 13:05:00,714.19
673.51999999999998,2022/05/13 13:05:00,722.65
673.92999999999995,2022/05/13 13:05:00,731.29
674.34000000000003,2022/05/13 13:05:00,738.95
674.75999999999999,2022/05/13 13:05:00,746.76
675.16999999999996,2022/05/13 13:05:00,755.31
675.58000000000004,2022/05/13 13:05:00,764.67
675.99000000000001,2022/05/13 13:05:00,774.01
676.40999999999997,2022/05/13 13:05:00,780.46
676.82000000000005,2022/05/13 13:05:00,785.7
677.23000000000002,2022/05/13 13:05:00,791.31
677.63999999999999,2022/05/13 13:05:00,796.67
678.04999999999995,2022/05/13 13:05:00,801.48
678.47000000000003,2022/05/13 13:05:00,804.05
678.88,2022/05/13 13:05:00,804.6
679.28999999999996,2022/05/13 13:05:00,806.23
679.70000000000005,2022/05/13 13:05:00,807.5
680.11000000000001,2022/05/13 13:05:00,807.95
680.52999999999997,2022/05/13 13:05:00,805.21
680.94000000000005,2022/05/13 13:05:00,803.49
681.35000000000002,2022/05/13 13:05:00,801.04
681.75999999999999,2022/05/13 13:05:00,798.87
682.16999999999996,2022/05/13 13:05:00,797.27
682.59000000000003,2022/05/13 13:05:00,794.57
683,2022/05/13 13:05:00,790.2
683.40999999999997,2022/05/13 13:05:00,781.4
683.82000000000005,2022/05/13 13:05:00,771.69
684.23000000000002,2022/05/13 13:05:00,761.33
684.64999999999998,2022/05/13 13:05:00,751.48
685.05999999999995,2022/05/13 13:05:00,742.33
685.47000000000003,2022/05/13 13:05:00,732.93
685.88,2022/05/13 13:05:00,724.85
686.28999999999996,2022/05/13 13:05:00,719.28
686.70000000000005,2022/05/13 13:05:00,714.89
687.12,2022/05/13 13:05:00,709.09
687.52999999999997,2022/05/13 13:05:00,702.81
687.94000000000005,2022/05/13 13:05:00,695.63
688.35000000000002,2022/05/13 13:05:00,688.92
688.75999999999999,2022/05/13 13:05:00,685.02
689.16999999999996,2022/05/13 13:05:00,683.76
689.59000000000003,2022/05/13 13:05:00,686.26
690,2022/05/13 13:05:00,690.81
690.40999999999997,2022/05/13 13:05:00,694.26
690.82000000000005,2022/05/13 13:05:00,698.2
691.23000000000002,2022/05/13 13:05:00,702.35
691.63999999999999,2022/05/13 13:05:00,706.83
692.05999999999995,2022/05/13 13:05:00,711.45
692.47000000000003,2022/05/13 13:05:00,713.46
692.88,2022/05/13 13:05:00,714.91
693.28999999999996,2022/05/13 13:05:00,717.94
693.70000000000005,2022/05/13 13:05:00,721.33
694.11000000000001,2022/05/13 13:05:00,723.69
694.51999999999998,2022/05/13 13:05:00,725.07
694.94000000000005,2022/05/13 13:05:00,724.62
695.35000000000002,2022/05/13 13:05:00,724.98
695.75999999999999,2022/05/13 13:05:00,724.49
696.16999999999996,2022/05/13 13:05:00,723.42
696.58000000000004,2022/05/13 13:05:00,723.85
696.99000000000001,2022/05/13 13:05:00,724.4
697.39999999999998,2022/05/13 13:05:00,723.12
697.80999999999995,2022/05/13 13:05:00,722.0
698.23000000000002,2022/05/13 13:05:00,721.07
698.63999999999999,2022/05/13 13:05:00,721.05
699.04999999999995,2022/05/13 13:05:00,720.94
699.46000000000004,2022/05/13 13:05:00,719.37
699.87,2022/05/13 13:05:00,716.46
700.27999999999997,2022/05/13 13:05:00,716.12
700.69000000000005,2022/05/13 13:05:00,715.27
701.10000000000002,2022/05/13 13:05:00,714.97
701.50999999999999,2022/05/13 13:05:00,714.37
701.91999999999996,2022/05/13 13:05:00,713.62
702.34000000000003,2022/05/13 13:05:00,713.69
702.75,2022/05/13 13:05:00,713.15
703.15999999999997,2022/05/13 13:05:00,712.84
703.57000000000005,2022/05/13 13:05:00,716.19
703.98000000000002,2022/05/13 13:05:00,717.85
704.38999999999999,2022/05/13 13:05:00,718.08
704.79999999999995,2022/05/13 13:05:00,718.03
705.21000000000004,2022/05/13 13:05:00,718.31
705.62,2022/05/13 13:05:00,719.94
706.02999999999997,2022/05/13 13:05:00,721.74
706.44000000000005,2022/05/13 13:05:00,721.54
706.86000000000001,2022/05/13 13:05:00,721.16
707.26999999999998,2022/05/13 13:05:00,720.16
707.67999999999995,2022/05/13 13:05:00,718.94
708.09000000000003,2022/05/13 13:05:00,718.46
708.5,2022/05/13 13:05:00,718.54
708.90999999999997,2022/05/13 13:05:00,719.21
709.32000000000005,2022/05/13 13:05:00,717.76
709.73000000000002,2022/05/13 13:05:00,715.33
710.13999999999999,2022/05/13 13:05:00,712.78
710.54999999999995,2022/05/13 13:05:00,710.67
710.96000000000004,2022/05/13 13:05:00,709.07
711.37,2022/05/13 13:05:00,707.47
711.77999999999997,2022/05/13 13:05:00,707.34
712.19000000000005,2022/05/13 13:05:00,703.86
712.60000000000002,2022/05/13 13:05:00,699.28
713.00999999999999,2022/05/13 13:05:00,693.43
713.41999999999996,2022/05/13 13:05:00,688.24
713.83000000000004,2022/05/13 13:05:00,682.89
714.25,2022/05/13 13:05:00,675.38
714.65999999999997,2022/05/13 13:05:00,666.81
715.07000000000005,2022/05/13 13:05:00,656.57
715.48000000000002,2022/05/13 13:05:00,646.84
715.88999999999999,2022/05/13 13:05:00,636.49
716.29999999999995,2022/05/13 13:05:00,628.68
716.71000000000004,2022/05/13 13:05:00,620.13
717.12,2022/05/13 13:05:00,612.74
717.52999999999997,2022/05/13 13:05:00,605.16
717.94000000000005,2022/05/13 13:05:00,598.18
718.35000000000002,2022/05/13 13:05:00,592.02
718.75999999999999,2022/05/13 13:05:00,588.05
719.16999999999996,2022/05/13 13:05:00,583.94
719.58000000000004,2022/05/13 13:05:00,582.52
719.99000000000001,2022/05/13 13:05:00,581.29
720.39999999999998,2022/05/13 13:05:00,578.96
720.80999999999995,2022/05/13 13:05:00,576.56
721.22000000000003,2022/05/13 13:05:00,576.87
721.63,2022/05/13 13:05:00,578.57
722.03999999999996,2022/05/13 13:05:00,581.0
722.45000000000005,2022/05/13 13:05:00,581.32
722.86000000000001,2022/05/13 13:05:00,582.13
723.26999999999998,2022/05/13 13:05:00,581.01
723.67999999999995,2022/05/13 13:05:00,580.25
724.09000000000003,2022/05/13 13:05:00,578.06
724.5,2022/05/13 13:05:00,576.38
724.90999999999997,2022/05/13 13:05:00,575.06
725.32000000000005,2022/05/13 13:05:00,573.01
725.73000000000002,2022/05/13 13:05:00,571.75
726.13999999999999,2022/05/13 13:05:00,570.15
726.54999999999995,2022/05/13 13:05:00,568.8
726.96000000000004,2022/05/13 13:05:00,567.77
727.37,2022/05/13 13:05:00,568.72
727.77999999999997,2022/05/13 13:05:00,571.13
728.17999999999995,2022/05/13 13:05:00,573.73
728.59000000000003,2022/05/13 13:05:00,575.88
729,2022/05/13 13:05:00,577.5
729.40999999999997,2022/05/13 13:05:00,580.6
729.82000000000005,2022/05/13 13:05:00,584.72
730.23000000000002,2022/05/13 13:05:00,590.04
730.63999999999999,2022/05/13 13:05:00,597.28
731.04999999999995,2022/05/13 13:05:00,601.58
731.46000000000004,2022/05/13 13:05:00,606.52
731.87,2022/05/13 13:05:00,610.34
732.27999999999997,2022/05/13 13:05:00,614.2
732.69000000000005,2022/05/13 13:05:00,618.9
733.10000000000002,2022/05/13 13:05:00,622.9
733.50999999999999,2022/05/13 13:05:00,628.79
733.91999999999996,2022/05/13 13:05:00,633.21
734.33000000000004,2022/05/13 13:05:00,635.84
734.74000000000001,2022/05/13 13:05:00,637.74
735.14999999999998,2022/05/13 13:05:00,639.14
735.54999999999995,2022/05/13 13:05:00,640.14
735.96000000000004,2022/05/13 13:05:00,640.25
736.37,2022/05/13 13:05:00,641.7
736.77999999999997,2022/05/13 13:05:00,642.0
737.19000000000005,2022/05/13 13:05:00,642.59
737.60000000000002,2022/05/13 13:05:00,642.36
738.00999999999999,2022/05/13 13:05:00,641.87
738.41999999999996,2022/05/13 13:05:00,641.71
738.83000000000004,2022/05/13 13:05:00,641.5
739.24000000000001,2022/05/13 13:05:00,643.59
739.64999999999998,2022/05/13 13:05:00,645.03
740.04999999999995,2022/05/13 13:05:00,646.19
740.46000000000004,2022/05/13 13:05:00,646.43
740.87,2022/05/13 13:05:00,646.92
741.27999999999997,2022/05/13 13:05:00,647.9
741.69000000000005,2022/05/13 13:05:00,648.08
742.10000000000002,2022/05/13 13:05:00,648.29
742.50999999999999,2022/05/13 13:05:00,649.09
742.91999999999996,2022/05/13 13:05:00,652.53
743.33000000000004,2022/05/13 13:05:00,653.89
743.73000000000002,2022/05/13 13:05:00,654.38
744.13999999999999,2022/05/13 13:05:00,654.16
744.54999999999995,2022/05/13 13:05:00,653.57
744.96000000000004,2022/05/13 13:05:00,654.58
745.37,2022/05/13 13:05:00,653.85
745.77999999999997,2022/05/13 13:05:00,654.18
746.19000000000005,2022/05/13 13:05:00,654.0
746.60000000000002,2022/05/13 13:05:00,652.98
747,2022/05/13 13:05:00,653.05
747.40999999999997,2022/05/13 13:05:00,653.69
747.82000000000005,2022/05/13 13:05:00,651.47
748.23000000000002,2022/05/13 13:05:00,651.72
748.63999999999999,2022/05/13 13:05:00,652.0
749.04999999999995,2022/05/13 13:05:00,650.01
749.45000000000005,2022/05/13 13:05:00,649.04
749.86000000000001,2022/05/13 13:05:00,647.59
750.26999999999998,2022/05/13 13:05:00,647.29
750.67999999999995,2022/05/13 13:05:00,646.61
751.09000000000003,2022/05/13 13:05:00,644.93
751.5,2022/05/13 13:05:00,645.25
751.90999999999997,2022/05/13 13:05:00,644.3
752.30999999999995,2022/05/13 13:05:00,645.21
752.72000000000003,2022/05/13 13:05:00,644.97
753.13,2022/05/13 13:05:00,643.57
753.53999999999996,2022/05/13 13:05:00,641.21
753.95000000000005,2022/05/13 13:05:00,638.78
754.35000000000002,2022/05/13 13:05:00,635.63
754.75999999999999,2022/05/13 13:05:00,629.2
755.16999999999996,2022/05/13 13:05:00,622.65
755.58000000000004,2022/05/13 13:05:00,612.53
755.99000000000001,2022/05/13 13:05:00,599.17
756.39999999999998,2022/05/13 13:05:00,581.35
756.79999999999995,2022/05/13 13:05:00,560.93
757.21000000000004,2022/05/13 13:05:00,536.6
757.62,2022/05/13 13:05:00,512.49
758.02999999999997,2022/05/13 13:05:00,487.09
758.44000000000005,2022/05/13 13:05:00,460.65
758.84000000000003,2022/05/13 13:05:00,435.67
759.25,2022/05/13 13:05:00,411.05
759.65999999999997,2022/05/13 13:05:00,389.68
760.07000000000005,2022/05/13 13:05:00,370.46
760.47000000000003,2022/05/13 13:05:00,352.32
760.88,2022/05/13 13:05:00,337.24
761.28999999999996,2022/05/13 13:05:00,326.03
761.70000000000005,2022/05/13 13:05:00,319.15
762.11000000000001,2022/05/13 13:05:00,317.34
762.50999999999999,2022/05/13 13:05:00,320.42
762.91999999999996,2022/05/13 13:05:00,329.2
763.33000000000004,2022/05/13 13:05:00,342.58
763.74000000000001,2022/05/13 13:05:00,357.04
764.13999999999999,2022/05/13 13:05:00,375.58
764.54999999999995,2022/05/13 13:05:00,395.29
764.96000000000004,2022/05/13 13:05:00,414.62
765.37,2022/05/13 13:05:00,434.99
765.76999999999998,2022/05/13 13:05:00,453.76
766.17999999999995,2022/05/13 13:05:00,472.83
766.59000000000003,2022/05/13 13:05:00,491.09
767,2022/05/13 13:05:00,509.24
767.39999999999998,2022/05/13 13:05:00,525.8
767.80999999999995,2022/05/13 13:05:00,539.85
768.22000000000003,2022/05/13 13:05:00,553.21
768.63,2022/05/13 13:05:00,564.8
769.02999999999997,2022/05/13 13:05:00,575.45
769.44000000000005,2022/05/13 13:05:00,583.65
769.85000000000002,2022/05/13 13:05:00,589.19
770.25999999999999,2022/05/13 13:05:00,593.68
770.65999999999997,2022/05/13 13:05:00,598.07
771.07000000000005,2022/05/13 13:05:00,601.83
771.48000000000002,2022/05/13 13:05:00,604.15
771.88,2022/05/13 13:05:00,606.15
772.28999999999996,2022/05/13 13:05:00,607.34
772.70000000000005,2022/05/13 13:05:00,607.39
773.11000000000001,2022/05/13 13:05:00,609.07
773.50999999999999,2022/05/13 13:05:00,609.9
773.91999999999996,2022/05/13 13:05:00,610.84
774.33000000000004,2022/05/13 13:05:00,610.61
774.73000000000002,2022/05/13 13:05:00,610.17
775.13999999999999,2022/05/13 13:05:00,608.82
775.54999999999995,2022/05/13 13:05:00,607.99
775.95000000000005,2022/05/13 13:05:00,607.56
776.36000000000001,2022/05/13 13:05:00,606.29
776.76999999999998,2022/05/13 13:05:00,606.61
777.16999999999996,2022/05/13 13:05:00,606.64
777.58000000000004,2022/05/13 13:05:00,606.97
777.99000000000001,2022/05/13 13:05:00,607.75
778.39999999999998,2022/05/13 13:05:00,606.43
778.79999999999995,2022/05/13 13:05:00,605.97
779.21000000000004,2022/05/13 13:05:00,605.78
779.62,2022/05/13 13:05:00,605.28
780.01999999999998,2022/05/13 13:05:00,604.96
780.42999999999995,2022/05/13 13:05:00,604.02
780.84000000000003,2022/05/13 13:05:00,602.19
781.24000000000001,2022/05/13 13:05:00,601.95
781.64999999999998,2022/05/13 13:05:00,601.25
782.05999999999995,2022/05/13 13:05:00,600.73
782.46000000000004,2022/05/13 13:05:00,601.23
782.87,2022/05/13 13:05:00,601.15
783.26999999999998,2022/05/13 13:05:00,599.49
783.67999999999995,2022/05/13 13:05:00,598.9
784.09000000000003,2022/05/13 13:05:00,596.11
784.49000000000001,2022/05/13 13:05:00,593.42
784.89999999999998,2022/05/13 13:05:00,591.41
785.30999999999995,2022/05/13 13:05:00,588.39
785.71000000000004,2022/05/13 13:05:00,586.16
786.12,2022/05/13 13:05:00,585.35
786.52999999999997,2022/05/13 13:05:00,584.0
786.92999999999995,2022/05/13 13:05:00,583.74
787.34000000000003,2022/05/13 13:05:00,581.96
787.74000000000001,2022/05/13 13:05:00,579.05
788.14999999999998,2022/05/13 13:05:00,577.82
788.55999999999995,2022/05/13 13:05:00,574.43
788.96000000000004,2022/05/13 13:05:00,571.85
789.37,2022/05/13 13:05:00,569.47
789.76999999999998,2022/05/13 13:05:00,567.57
790.17999999999995,2022/05/13 13:05:00,565.97
790.59000000000003,2022/05/13 13:05:00,566.48
790.99000000000001,2022/05/13 13:05:00,566.82
791.39999999999998,2022/05/13 13:05:00,565.49
791.79999999999995,2022/05/13 13:05:00,563.39
792.21000000000004,2022/05/13 13:05:00,562.11
792.62,2022/05/13 13:05:00,560.75
793.01999999999998,2022/05/13 13:05:00,560.66
793.42999999999995,2022/05/13 13:05:00,558.63
793.83000000000004,2022/05/13 13:05:00,559.9
794.24000000000001,2022/05/13 13:05:00,560.4
794.64999999999998,2022/05/13 13:05:00,560.71
795.04999999999995,2022/05/13 13:05:00,561.42
795.46000000000004,2022/05/13 13:05:00,561.67
795.86000000000001,2022/05/13 13:05:00,564.39
796.26999999999998,2022/05/13 13:05:00,565.74
796.66999999999996,2022/05/13 13:05:00,565.39
797.08000000000004,2022/05/13 13:05:00,565.9
797.49000000000001,2022/05/13 13:05:00,565.77
797.88999999999999,2022/05/13 13:05:00,566.02
798.29999999999995,2022/05/13 13:05:00,565.16
798.70000000000005,2022/05/13 13:05:00,565.35
799.11000000000001,2022/05/13 13:05:00,564.16
799.50999999999999,2022/05/13 13:05:00,562.45
799.91999999999996,2022/05/13 13:05:00,560.46
800.32000000000005,2022/05/13 13:05:00,559.17
800.73000000000002,2022/05/13 13:05:00,560.4
801.13,2022/05/13 13:05:00,560.67
801.53999999999996,2022/05/13 13:05:00,559.47
801.94000000000005,2022/05/13 13:05:00,558.1
802.35000000000002,2022/05/13 13:05:00,557.59
802.75999999999999,2022/05/13 13:05:00,556.85
803.15999999999997,2022/05/13 13:05:00,556.61
803.57000000000005,2022/05/13 13:05:00,555.28
803.97000000000003,2022/05/13 13:05:00,555.28
804.38,2022/05/13 13:05:00,554.02
804.77999999999997,2022/05/13 13:05:00,553.79
805.19000000000005,2022/05/13 13:05:00,554.55
805.59000000000003,2022/05/13 13:05:00,554.44
806,2022/05/13 13:05:00,554.2
806.39999999999998,2022/05/13 13:05:00,553.3
806.80999999999995,2022/05/13 13:05:00,551.75
807.21000000000004,2022/05/13 13:05:00,550.03
807.62,2022/05/13 13:05:00,550.02
808.01999999999998,2022/05/13 13:05:00,546.99
808.42999999999995,2022/05/13 13:05:00,544.44
808.83000000000004,2022/05/13 13:05:00,541.85
809.24000000000001,2022/05/13 13:05:00,537.79
809.63999999999999,2022/05/13 13:05:00,534.25
810.03999999999996,2022/05/13 13:05:00,528.78
810.45000000000005,2022/05/13 13:05:00,524.93
810.85000000000002,2022/05/13 13:05:00,520.82
811.25999999999999,2022/05/13 13:05:00,513.85
811.65999999999997,2022/05/13 13:05:00,506.87
812.07000000000005,2022/05/13 13:05:00,500.2
812.47000000000003,2022/05/13 13:05:00,493.42
812.88,2022/05/13 13:05:00,485.74
813.27999999999997,2022/05/13 13:05:00,478.06
813.69000000000005,2022/05/13 13:05:00,470.65
814.09000000000003,2022/05/13 13:05:00,463.25
814.5,2022/05/13 13:05:00,457.49
814.89999999999998,2022/05/13 13:05:00,451.87
815.29999999999995,2022/05/13 13:05:00,446.79
815.71000000000004,2022/05/13 13:05:00,443.71
816.11000000000001,2022/05/13 13:05:00,440.13
816.51999999999998,2022/05/13 13:05:00,439.79
816.91999999999996,2022/05/13 13:05:00,439.2
817.33000000000004,2022/05/13 13:05:00,439.23
817.73000000000002,2022/05/13 13:05:00,441.55
818.13,2022/05/13 13:05:00,441.92
818.53999999999996,2022/05/13 13:05:00,443.25
818.94000000000005,2022/05/13 13:05:00,443.97
819.35000000000002,2022/05/13 13:05:00,444.72
819.75,2022/05/13 13:05:00,445.81
820.15999999999997,2022/05/13 13:05:00,445.96
820.55999999999995,2022/05/13 13:05:00,446.37
820.96000000000004,2022/05/13 13:05:00,447.13
821.37,2022/05/13 13:05:00,448.83
821.76999999999998,2022/05/13 13:05:00,450.24
822.17999999999995,2022/05/13 13:05:00,452.8
822.58000000000004,2022/05/13 13:05:00,456.02
822.98000000000002,2022/05/13 13:05:00,458.84
823.38999999999999,2022/05/13 13:05:00,459.17
823.78999999999996,2022/05/13 13:05:00,458.51
824.19000000000005,2022/05/13 13:05:00,459.15
824.60000000000002,2022/05/13 13:05:00,459.95
825,2022/05/13 13:05:00,460.2
825.40999999999997,2022/05/13 13:05:00,461.61
825.80999999999995,2022/05/13 13:05:00,462.87
826.21000000000004,2022/05/13 13:05:00,464.97
826.62,2022/05/13 13:05:00,465.92
827.01999999999998,2022/05/13 13:05:00,465.94
827.41999999999996,2022/05/13 13:05:00,465.86
827.83000000000004,2022/05/13 13:05:00,465.61
828.23000000000002,2022/05/13 13:05:00,465.03
828.63,2022/05/13 13:05:00,464.06
829.03999999999996,2022/05/13 13:05:00,463.51
829.44000000000005,2022/05/13 13:05:00,463.85
829.84000000000003,2022/05/13 13:05:00,466.13
830.25,2022/05/13 13:05:00,466.97
830.64999999999998,2022/05/13 13:05:00,467.46
831.04999999999995,2022/05/13 13:05:00,468.88
831.46000000000004,2022/05/13 13:05:00,470.78
831.86000000000001,2022/05/13 13:05:00,472.51
832.25999999999999,2022/05/13 13:05:00,474.29
832.66999999999996,2022/05/13 13:05:00,476.15
833.07000000000005,2022/05/13 13:05:00,479.12
833.47000000000003,2022/05/13 13:05:00,481.86
833.88,2022/05/13 13:05:00,484.97
834.27999999999997,2022/05/13 13:05:00,487.08
834.67999999999995,2022/05/13 13:05:00,488.76
835.09000000000003,2022/05/13 13:05:00,491.41
835.49000000000001,2022/05/13 13:05:00,494.38
835.88999999999999,2022/05/13 13:05:00,496.76
836.29999999999995,2022/05/13 13:05:00,498.41
836.70000000000005,2022/05/13 13:05:00,500.43
837.10000000000002,2022/05/13 13:05:00,502.56
837.5,2022/05/13 13:05:00,504.78
837.90999999999997,2022/05/13 13:05:00,506.62
838.30999999999995,2022/05/13 13:05:00,508.43
838.71000000000004,2022/05/13 13:05:00,509.18
839.12,2022/05/13 13:05:00,510.04
839.51999999999998,2022/05/13 13:05:00,510.97
839.91999999999996,2022/05/13 13:05:00,510.44
840.32000000000005,2022/05/13 13:05:00,510.89
840.73000000000002,2022/05/13 13:05:00,510.32
841.13,2022/05/13 13:05:00,511.04
841.52999999999997,2022/05/13 13:05:00,511.04
841.92999999999995,2022/05/13 13:05:00,510.83
842.34000000000003,2022/05/13 13:05:00,511.73
842.74000000000001,2022/05/13 13:05:00,511.32
843.13999999999999,2022/05/13 13:05:00,511.44
843.53999999999996,2022/05/13 13:05:00,511.77
843.95000000000005,2022/05/13 13:05:00,511.65
844.35000000000002,2022/05/13 13:05:00,511.86
844.75,2022/05/13 13:05:00,510.49
845.14999999999998,2022/05/13 13:05:00,510.33
845.55999999999995,2022/05/13 13:05:00,510.81
845.96000000000004,2022/05/13 13:05:00,510.58
846.36000000000001,2022/05/13 13:05:00,510.34
846.75999999999999,2022/05/13 13:05:00,509.49
847.15999999999997,2022/05/13 13:05:00,509.01
847.57000000000005,2022/05/13 13:05:00,508.16
847.97000000000003,2022/05/13 13:05:00,506.24
848.37,2022/05/13 13:05:00,504.79
848.76999999999998,2022/05/13 13:05:00,501.59
849.16999999999996,2022/05/13 13:05:00,500.66
849.58000000000004,2022/05/13 13:05:00,497.83
849.98000000000002,2022/05/13 13:05:00,494.51
850.38,2022/05/13 13:05:00,492.54
850.77999999999997,2022/05/13 13:05:00,490.32
851.17999999999995,2022/05/13 13:05:00,487.37
851.59000000000003,2022/05/13 13:05:00,485.0
851.99000000000001,2022/05/13 13:05:00,482.65
852.38999999999999,2022/05/13 13:05:00,481.4
852.78999999999996,2022/05/13 13:05:00,480.13
853.19000000000005,2022/05/13 13:05:00,479.45
853.59000000000003,2022/05/13 13:05:00,479.17
854,2022/05/13 13:05:00,479.14
854.39999999999998,2022/05/13 13:05:00,480.88
854.79999999999995,2022/05/13 13:05:00,483.26
855.20000000000005,2022/05/13 13:05:00,484.51
855.60000000000002,2022/05/13 13:05:00,486.41
856,2022/05/13 13:05:00,487.44
856.40999999999997,2022/05/13 13:05:00,489.76
856.80999999999995,2022/05/13 13:05:00,491.28
857.21000000000004,2022/05/13 13:05:00,493.85
857.61000000000001,2022/05/13 13:05:00,496.56
858.00999999999999,2022/05/13 13:05:00,497.97
858.40999999999997,2022/05/13 13:05:00,500.05
858.80999999999995,2022/05/13 13:05:00,499.69
859.22000000000003,2022/05/13 13:05:00,500.43
859.62,2022/05/13 13:05:00,500.43
860.01999999999998,2022/05/13 13:05:00,499.74
860.41999999999996,2022/05/13 13:05:00,500.01
860.82000000000005,2022/05/13 13:05:00,499.83
861.22000000000003,2022/05/13 13:05:00,498.95
861.62,2022/05/13 13:05:00,497.39
862.01999999999998,2022/05/13 13:05:00,495.85
862.41999999999996,2022/05/13 13:05:00,493.46
862.83000000000004,2022/05/13 13:05:00,491.59
863.23000000000002,2022/05/13 13:05:00,488.62
863.63,2022/05/13 13:05:00,485.41
864.02999999999997,2022/05/13 13:05:00,483.08
864.42999999999995,2022/05/13 13:05:00,480.58
864.83000000000004,2022/05/13 13:05:00,479.63
865.23000000000002,2022/05/13 13:05:00,479.41
865.63,2022/05/13 13:05:00,478.43
866.02999999999997,2022/05/13 13:05:00,478.96
866.42999999999995,2022/05/13 13:05:00,478.15
866.83000000000004,2022/05/13 13:05:00,478.23
867.23000000000002,2022/05/13 13:05:00,478.3
867.63999999999999,2022/05/13 13:05:00,478.9
868.03999999999996,2022/05/13 13:05:00,480.28
868.44000000000005,2022/05/13 13:05:00,480.77
868.84000000000003,2022/05/13 13:05:00,482.13
869.24000000000001,2022/05/13 13:05:00,483.39
869.63999999999999,2022/05/13 13:05:00,484.62
870.03999999999996,2022/05/13 13:05:00,486.26
870.44000000000005,2022/05/13 13:05:00,486.81
870.84000000000003,2022/05/13 13:05:00,488.2
871.24000000000001,2022/05/13 13:05:00,488.13
871.63999999999999,2022/05/13 13:05:00,488.62
872.03999999999996,2022/05/13 13:05:00,488.38
872.44000000000005,2022/05/13 13:05:00,487.18
872.84000000000003,2022/05/13 13:05:00,486.91
873.24000000000001,2022/05/13 13:05:00,485.28
873.63999999999999,2022/05/13 13:05:00,484.75
874.03999999999996,2022/05/13 13:05:00,484.38
874.44000000000005,2022/05/13 13:05:00,483.17
874.84000000000003,2022/05/13 13:05:00,483.34
875.24000000000001,2022/05/13 13:05:00,482.35
875.63999999999999,2022/05/13 13:05:00,482.48
876.03999999999996,2022/05/13 13:05:00,482.17
876.44000000000005,2022/05/13 13:05:00,480.58
876.84000000000003,2022/05/13 13:05:00,480.18
877.24000000000001,2022/05/13 13:05:00,478.81
877.63999999999999,2022/05/13 13:05:00,478.53
878.03999999999996,2022/05/13 13:05:00,477.67
878.44000000000005,2022/05/13 13:05:00,477.19
878.84000000000003,2022/05/13 13:05:00,476.83
879.24000000000001,2022/05/13 13:05:00,476.2
879.63999999999999,2022/05/13 13:05:00,477.11
880.03999999999996,2022/05/13 13:05:00,476.84
880.44000000000005,2022/05/13 13:05:00,476.39
880.84000000000003,2022/05/13 13:05:00,476.13
881.24000000000001,2022/05/13 13:05:00,474.79
881.63999999999999,2022/05/13 13:05:00,474.16
882.03999999999996,2022/05/13 13:05:00,474.02
882.44000000000005,2022/05/13 13:05:00,473.42
882.84000000000003,2022/05/13 13:05:00,472.88
883.23000000000002,2022/05/13 13:05:00,471.13
883.63,2022/05/13 13:05:00,470.24
884.02999999999997,2022/05/13 13:05:00,469.51
884.42999999999995,2022/05/13 13:05:00,468.96
884.83000000000004,2022/05/13 13:05:00,468.7
885.23000000000002,2022/05/13 13:05:00,468.44
885.63,2022/05/13 13:05:00,467.48
886.02999999999997,2022/05/13 13:05:00,466.69
886.42999999999995,2022/05/13 13:05:00,466.38
886.83000000000004,2022/05/13 13:05:00,465.87
887.23000000000002,2022/05/13 13:05:00,465.57
887.63,2022/05/13 13:05:00,465.6
888.01999999999998,2022/05/13 13:05:00,463.96
888.41999999999996,2022/05/13 13:05:00,463.41
888.82000000000005,2022/05/13 13:05:00,461.85
889.22000000000003,2022/05/13 13:05:00,461.39
889.62,2022/05/13 13:05:00,459.98
890.01999999999998,2022/05/13 13:05:00,457.55
890.41999999999996,2022/05/13 13:05:00,455.05
890.82000000000005,2022/05/13 13:05:00,451.63
891.22000000000003,2022/05/13 13:05:00,448.24
891.61000000000001,2022/05/13 13:05:00,444.53
892.00999999999999,2022/05/13 13:05:00,440.31
892.40999999999997,2022/05/13 13:05:00,434.73
892.80999999999995,2022/05/13 13:05:00,428.79
893.21000000000004,2022/05/13 13:05:00,422.64
893.61000000000001,2022/05/13 13:05:00,415.61
894.00999999999999,2022/05/13 13:05:00,409.44
894.39999999999998,2022/05/13 13:05:00,402.55
894.79999999999995,2022/05/13 13:05:00,395.5
895.20000000000005,2022/05/13 13:05:00,388.81
895.60000000000002,2022/05/13 13:05:00,381.85
896,2022/05/13 13:05:00,375.48
896.39999999999998,2022/05/13 13:05:00,368.63
896.78999999999996,2022/05/13 13:05:00,362.79
897.19000000000005,2022/05/13 13:05:00,357.73
897.59000000000003,2022/05/13 13:05:00,352.49
897.99000000000001,2022/05/13 13:05:00,348.53
898.38999999999999,2022/05/13 13:05:00,345.13
898.77999999999997,2022/05/13 13:05:00,342.77
899.17999999999995,2022/05/13 13:05:00,341.81
899.58000000000004,2022/05/13 13:05:00,340.91
899.98000000000002,2022/05/13 13:05:00,341.74
900.38,2022/05/13 13:05:00,342.81
900.76999999999998,2022/05/13 13:05:00,344.47
901.16999999999996,2022/05/13 13:05:00,347.53
901.57000000000005,2022/05/13 13:05:00,349.64
901.97000000000003,2022/05/13 13:05:00,352.58
902.37,2022/05/13 13:05:00,356.22
902.75999999999999,2022/05/13 13:05:00,359.27
903.15999999999997,2022/05/13 13:05:00,362.26
903.55999999999995,2022/05/13 13:05:00,362.75
903.96000000000004,2022/05/13 13:05:00,363.24
904.35000000000002,2022/05/13 13:05:00,363.43
904.75,2022/05/13 13:05:00,361.83
905.14999999999998,2022/05/13 13:05:00,360.91
905.54999999999995,2022/05/13 13:05:00,357.74
905.94000000000005,2022/05/13 13:05:00,354.69
906.34000000000003,2022/05/13 13:05:00,352.31
906.74000000000001,2022/05/13 13:05:00,348.91
907.13999999999999,2022/05/13 13:05:00,345.9
907.52999999999997,2022/05/13 13:05:00,342.2
907.92999999999995,2022/05/13 13:05:00,339.68
908.33000000000004,2022/05/13 13:05:00,336.41
908.73000000000002,2022/05/13 13:05:00,333.79
909.12,2022/05/13 13:05:00,332.33
909.51999999999998,2022/05/13 13:05:00,330.54
909.91999999999996,2022/05/13 13:05:00,329.83
910.30999999999995,2022/05/13 13:05:00,328.3
910.71000000000004,2022/05/13 13:05:00,327.52
911.11000000000001,2022/05/13 13:05:00,327.03
911.50999999999999,2022/05/13 13:05:00,326.45
911.89999999999998,2022/05/13 13:05:00,326.37
912.29999999999995,2022/05/13 13:05:00,325.94
912.70000000000005,2022/05/13 13:05:00,324.95
913.09000000000003,2022/05/13 13:05:00,324.78
913.49000000000001,2022/05/13 13:05:00,324.51
913.88999999999999,2022/05/13 13:05:00,323.99
914.27999999999997,2022/05/13 13:05:00,324.33
914.67999999999995,2022/05/13 13:05:00,324.09
915.08000000000004,2022/05/13 13:05:00,323.66
915.47000000000003,2022/05/13 13:05:00,324.98
915.87,2022/05/13 13:05:00,326.4
916.26999999999998,2022/05/13 13:05:00,328.39
916.65999999999997,2022/05/13 13:05:00,330.33
917.05999999999995,2022/05/13 13:05:00,332.46
917.46000000000004,2022/05/13 13:05:00,335.45
917.85000000000002,2022/05/13 13:05:00,338.01
918.25,2022/05/13 13:05:00,340.24
918.64999999999998,2022/05/13 13:05:00,342.8
919.03999999999996,2022/05/13 13:05:00,344.48
919.44000000000005,2022/05/13 13:05:00,346.44
919.83000000000004,2022/05/13 13:05:00,348.37
920.23000000000002,2022/05/13 13:05:00,349.41
920.63,2022/05/13 13:05:00,350.96
921.01999999999998,2022/05/13 13:05:00,351.8
921.41999999999996,2022/05/13 13:05:00,352.06
921.80999999999995,2022/05/13 13:05:00,350.88
922.21000000000004,2022/05/13 13:05:00,350.45
922.61000000000001,2022/05/13 13:05:00,348.64
923,2022/05/13 13:05:00,346.65
923.39999999999998,2022/05/13 13:05:00,345.16
923.78999999999996,2022/05/13 13:05:00,341.83
924.19000000000005,2022/05/13 13:05:00,339.46
924.59000000000003,2022/05/13 13:05:00,336.25
924.98000000000002,2022/05/13 13:05:00,332.06
925.38,2022/05/13 13:05:00,327.91
925.76999999999998,2022/05/13 13:05:00,321.27
926.16999999999996,2022/05/13 13:05:00,315.46
926.55999999999995,2022/05/13 13:05:00,308.6
926.96000000000004,2022/05/13 13:05:00,300.31
927.36000000000001,2022/05/13 13:05:00,292.35
927.75,2022/05/13 13:05:00,283.21
928.14999999999998,2022/05/13 13:05:00,273.18
928.53999999999996,2022/05/13 13:05:00,262.79
928.94000000000005,2022/05/13 13:05:00,251.77
929.33000000000004,2022/05/13 13:05:00,240.64
929.73000000000002,2022/05/13 13:05:00,228.86
930.12,2022/05/13 13:05:00,217.02
930.51999999999998,2022/05/13 13:05:00,205.53
930.90999999999997,2022/05/13 13:05:00,194.31
931.30999999999995,2022/05/13 13:05:00,183.99
931.70000000000005,2022/05/13 13:05:00,174.51
932.10000000000002,2022/05/13 13:05:00,165.9
932.49000000000001,2022/05/13 13:05:00,158.15
932.88999999999999,2022/05/13 13:05:00,151.31
933.28999999999996,2022/05/13 13:05:00,145.32
933.67999999999995,2022/05/13 13:05:00,140.23
934.07000000000005,2022/05/13 13:05:00,136.6
934.47000000000003,2022/05/13 13:05:00,134.5
934.86000000000001,2022/05/13 13:05:00,132.44
935.25999999999999,2022/05/13 13:05:00,132.21
935.64999999999998,2022/05/13 13:05:00,132.93
936.04999999999995,2022/05/13 13:05:00,134.68
936.44000000000005,2022/05/13 13:05:00,137.67
936.84000000000003,2022/05/13 13:05:00,141.96
937.23000000000002,2022/05/13 13:05:00,146.0
937.63,2022/05/13 13:05:00,150.73
938.01999999999998,2022/05/13 13:05:00,154.53
938.41999999999996,2022/05/13 13:05:00,158.09
938.80999999999995,2022/05/13 13:05:00,161.32
939.21000000000004,2022/05/13 13:05:00,164.21
939.60000000000002,2022/05/13 13:05:00,167.05
939.99000000000001,2022/05/13 13:05:00,168.88
940.38999999999999,2022/05/13 13:05:00,169.94
940.77999999999997,2022/05/13 13:05:00,170.91
941.17999999999995,2022/05/13 13:05:00,170.58
941.57000000000005,2022/05/13 13:05:00,171.34
941.97000000000003,2022/05/13 13:05:00,170.61
942.36000000000001,2022/05/13 13:05:00,168.76
942.75,2022/05/13 13:05:00,167.47
943.14999999999998,2022/05/13 13:05:00,164.74
943.53999999999996,2022/05/13 13:05:00,163.31
943.94000000000005,2022/05/13 13:05:00,161.88
944.33000000000004,2022/05/13 13:05:00,160.65
944.72000000000003,2022/05/13 13:05:00,160.4
945.12,2022/05/13 13:05:00,160.8
945.50999999999999,2022/05/13 13:05:00,161.81
945.90999999999997,2022/05/13 13:05:00,162.4
946.29999999999995,2022/05/13 13:05:00,163.32
946.69000000000005,2022/05/13 13:05:00,164.53
947.09000000000003,2022/05/13 13:05:00,165.36
947.48000000000002,2022/05/13 13:05:00,167.82
947.87,2022/05/13 13:05:00,169.18
948.26999999999998,2022/05/13 13:05:00,170.84
948.65999999999997,2022/05/13 13:05:00,171.83
949.04999999999995,2022/05/13 13:05:00,172.47
949.45000000000005,2022/05/13 13:05:00,174.39
949.84000000000003,2022/05/13 13:05:00,175.55
950.23000000000002,2022/05/13 13:05:00,177.37
950.63,2022/05/13 13:05:00,178.56
951.01999999999998,2022/05/13 13:05:00,179.06
951.40999999999997,2022/05/13 13:05:00,180.3
951.80999999999995,2022/05/13 13:05:00,180.57
952.20000000000005,2022/05/13 13:05:00,181.49
952.59000000000003,2022/05/13 13:05:00,182.07
952.99000000000001,2022/05/13 13:05:00,183.0
953.38,2022/05/13 13:05:00,184.0
953.76999999999998,2022/05/13 13:05:00,184.72
954.16999999999996,2022/05/13 13:05:00,186.36
954.55999999999995,2022/05/13 13:05:00,187.39
954.95000000000005,2022/05/13 13:05:00,188.7
955.35000000000002,2022/05/13 13:05:00,190.71
955.74000000000001,2022/05/13 13:05:00,192.43
956.13,2022/05/13 13:05:00,193.86
956.51999999999998,2022/05/13 13:05:00,194.92
956.91999999999996,2022/05/13 13:05:00,196.01
957.30999999999995,2022/05/13 13:05:00,198.04
957.70000000000005,2022/05/13 13:05:00,199.85
958.09000000000003,2022/05/13 13:05:00,202.59
958.49000000000001,2022/05/13 13:05:00,205.7
958.88,2022/05/13 13:05:00,207.52
959.26999999999998,2022/05/13 13:05:00,210.3
959.65999999999997,2022/05/13 13:05:00,212.74
960.05999999999995,2022/05/13 13:05:00,215.64
960.45000000000005,2022/05/13 13:05:00,218.78
960.84000000000003,2022/05/13 13:05:00,221.63
961.23000000000002,2022/05/13 13:05:00,224.22
961.63,2022/05/13 13:05:00,227.14
962.01999999999998,2022/05/13 13:05:00,230.43
962.40999999999997,2022/05/13 13:05:00,234.09
962.79999999999995,2022/05/13 13:05:00,237.77
963.19000000000005,2022/05/13 13:05:00,241.13
963.59000000000003,2022/05/13 13:05:00,245.07
963.98000000000002,2022/05/13 13:05:00,248.78
964.37,2022/05/13 13:05:00,252.82
964.75999999999999,2022/05/13 13:05:00,257.24
965.14999999999998,2022/05/13 13:05:00,261.66
965.54999999999995,2022/05/13 13:05:00,265.46
965.94000000000005,2022/05/13 13:05:00,270.91
966.33000000000004,2022/05/13 13:05:00,275.4
966.72000000000003,2022/05/13 13:05:00,279.22
967.11000000000001,2022/05/13 13:05:00,283.1
967.5,2022/05/13 13:05:00,287.11
967.89999999999998,2022/05/13 13:05:00,291.15
968.28999999999996,2022/05/13 13:05:00,294.78
968.67999999999995,2022/05/13 13:05:00,298.5
969.07000000000005,2022/05/13 13:05:00,301.19
969.46000000000004,2022/05/13 13:05:00,303.91
969.85000000000002,2022/05/13 13:05:00,305.3
970.24000000000001,2022/05/13 13:05:00,306.68
970.63999999999999,2022/05/13 13:05:00,307.37
971.02999999999997,2022/05/13 13:05:00,306.81
971.41999999999996,2022/05/13 13:05:00,307.33
971.80999999999995,2022/05/13 13:05:00,305.82
972.20000000000005,2022/05/13 13:05:00,305.19
972.59000000000003,2022/05/13 13:05:00,304.92
972.98000000000002,2022/05/13 13:05:00,303.38
973.37,2022/05/13 13:05:00,302.83
973.75999999999999,2022/05/13 13:05:00,302.51
974.15999999999997,2022/05/13 13:05:00,301.91
974.54999999999995,2022/05/13 13:05:00,302.57
974.94000000000005,2022/05/13 13:05:00,302.75
975.33000000000004,2022/05/13 13:05:00,303.0
975.72000000000003,2022/05/13 13:05:00,303.36
976.11000000000001,2022/05/13 13:05:00,304.87
976.5,2022/05/13 13:05:00,306.22
976.88999999999999,2022/05/13 13:05:00,306.87
977.27999999999997,2022/05/13 13:05:00,307.82
977.66999999999996,2022/05/13 13:05:00,308.49
978.05999999999995,2022/05/13 13:05:00,310.59
978.45000000000005,2022/05/13 13:05:00,312.98
978.84000000000003,2022/05/13 13:05:00,315.33
979.23000000000002,2022/05/13 13:05:00,318.09
979.62,2022/05/13 13:05:00,319.76
980.00999999999999,2022/05/13 13:05:00,321.77
980.40999999999997,2022/05/13 13:05:00,323.78
980.79999999999995,2022/05/13 13:05:00,325.31
981.19000000000005,2022/05/13 13:05:00,327.15
981.58000000000004,2022/05/13 13:05:00,329.55
981.97000000000003,2022/05/13 13:05:00,330.92
982.36000000000001,2022/05/13 13:05:00,332.17
982.75,2022/05/13 13:05:00,334.52
983.13999999999999,2022/05/13 13:05:00,337.01
983.52999999999997,2022/05/13 13:05:00,338.82
983.91999999999996,2022/05/13 13:05:00,341.13
984.30999999999995,2022/05/13 13:05:00,342.42
984.70000000000005,2022/05/13 13:05:00,344.57
985.09000000000003,2022/05/13 13:05:00,346.76
985.47000000000003,2022/05/13 13:05:00,347.67
985.86000000000001,2022/05/13 13:05:00,348.75
986.25,2022/05/13 13:05:00,349.24
986.63999999999999,2022/05/13 13:05:00,350.6
987.02999999999997,2022/05/13 13:05:00,351.71
987.41999999999996,2022/05/13 13:05:00,352.24
987.80999999999995,2022/05/13 13:05:00,352.34
988.20000000000005,2022/05/13 13:05:00,353.17
988.59000000000003,2022/05/13 13:05:00,353.42
988.98000000000002,2022/05/13 13:05:00,353.17
989.37,2022/05/13 13:05:00,354.0
989.75999999999999,2022/05/13 13:05:00,353.66
990.14999999999998,2022/05/13 13:05:00,353.82
990.53999999999996,2022/05/13 13:05:00,352.74
990.92999999999995,2022/05/13 13:05:00,350.97
991.32000000000005,2022/05/13 13:05:00,351.18
991.70000000000005,2022/05/13 13:05:00,350.64
992.09000000000003,2022/05/13 13:05:00,350.85
992.48000000000002,2022/05/13 13:05:00,350.18
992.87,2022/05/13 13:05:00,349.45
993.25999999999999,2022/05/13 13:05:00,348.79
993.64999999999998,2022/05/13 13:05:00,346.94
994.03999999999996,2022/05/13 13:05:00,345.93
994.42999999999995,2022/05/13 13:05:00,343.8
994.82000000000005,2022/05/13 13:05:00,341.39
995.20000000000005,2022/05/13 13:05:00,339.46
995.59000000000003,2022/05/13 13:05:00,337.1
995.98000000000002,2022/05/13 13:05:00,335.09
996.37,2022/05/13 13:05:00,333.45
996.75999999999999,2022/05/13 13:05:00,332.76
997.14999999999998,2022/05/13 13:05:00,332.16
997.52999999999997,2022/05/13 13:05:00,331.82
997.91999999999996,2022/05/13 13:05:00,332.35
998.30999999999995,2022/05/13 13:05:00,332.64
998.70000000000005,2022/05/13 13:05:00,333.77
999.09000000000003,2022/05/13 13:05:00,335.69
999.48000000000002,2022/05/13 13:05:00,338.48
999.86000000000001,2022/05/13 13:05:00,341.68
1000.25,2022/05/13 13:05:00,345.14
1000.64,2022/05/13 13:05:00,348.86
1001.03,2022/05/13 13:05:00,353.42
1001.42,2022/05/13 13:05:00,357.65
1001.8,2022/05/13 13:05:00,362.01
1002.1900000000001,2022/05/13 13:05:00,366.97
1002.58,2022/05/13 13:05:00,371.48
1002.97,2022/05/13 13:05:00,376.63
1003.36,2022/05/13 13:05:00,381.16
1003.74,2022/05/13 13:05:00,385.41
1004.13,2022/05/13 13:05:00,389.14
1004.52,2022/05/13 13:05:00,392.0
1004.91,2022/05/13 13:05:00,395.18
1005.29,2022/05/13 13:05:00,397.39
1005.6799999999999,2022/05/13 13:05:00,399.45
1006.0700000000001,2022/05/13 13:05:00,400.91
1006.46,2022/05/13 13:05:00,400.87
1006.84,2022/05/13 13:05:00,400.89
1007.23,2022/05/13 13:05:00,400.59
1007.62,2022/05/13 13:05:00,400.95
1008,2022/05/13 13:05:00,401.08
1008.39,2022/05/13 13:05:00,400.29
1008.78,2022/05/13 13:05:00,399.13
1009.17,2022/05/13 13:05:00,397.94
1009.55,2022/05/13 13:05:00,396.98
1009.9400000000001,2022/05/13 13:05:00,396.73
1010.33,2022/05/13 13:05:00,394.6
1010.71,2022/05/13 13:05:00,393.48
1011.1,2022/05/13 13:05:00,390.52
1011.49,2022/05/13 13:05:00,389.33
1011.87,2022/05/13 13:05:00,388.51
1012.26,2022/05/13 13:05:00,386.81
1012.65,2022/05/13 13:05:00,385.5
1013.03,2022/05/13 13:05:00,384.69
1013.42,2022/05/13 13:05:00,383.21
1013.8099999999999,2022/05/13 13:05:00,382.51
1014.1900000000001,2022/05/13 13:05:00,380.67
1014.58,2022/05/13 13:05:00,378.57
1014.97,2022/05/13 13:05:00,377.94
1015.35,2022/05/13 13:05:00,376.29
1015.74,2022/05/13 13:05:00,375.9
1016.13,2022/05/13 13:05:00,374.57
1016.51,2022/05/13 13:05:00,373.58
1016.9,2022/05/13 13:05:00,372.93
1017.28,2022/05/13 13:05:00,371.73
1017.67,2022/05/13 13:05:00,371.57
1018.0599999999999,2022/05/13 13:05:00,369.97
1018.4400000000001,2022/05/13 13:05:00,368.89
1018.83,2022/05/13 13:05:00,368.62
1019.21,2022/05/13 13:05:00,367.84
1019.6,2022/05/13 13:05:00,366.68
1019.98,2022/05/13 13:05:00,365.35
1020.37,2022/05/13 13:05:00,365.07
1020.76,2022/05/13 13:05:00,363.5
1021.14,2022/05/13 13:05:00,362.99
1021.53,2022/05/13 13:05:00,361.87
1021.91,2022/05/13 13:05:00,360.73
1022.3,2022/05/13 13:05:00,359.42
1022.6799999999999,2022/05/13 13:05:00,358.58
1023.0700000000001,2022/05/13 13:05:00,358.32
1023.45,2022/05/13 13:05:00,357.85
1023.84,2022/05/13 13:05:00,357.35
1024.23,2022/05/13 13:05:00,356.17
1024.6099999999999,2022/05/13 13:05:00,355.86
1025,2022/05/13 13:05:00,355.43
1025.3800000000001,2022/05/13 13:05:00,355.41
1025.77,2022/05/13 13:05:00,355.86
1026.1500000000001,2022/05/13 13:05:00,355.86
1026.54,2022/05/13 13:05:00,354.97
1026.9200000000001,2022/05/13 13:05:00,353.85
1027.3099999999999,2022/05/13 13:05:00,352.58
1027.6900000000001,2022/05/13 13:05:00,352.11
1028.0799999999999,2022/05/13 13:05:00,351.49
1028.46,2022/05/13 13:05:00,350.77
1028.8399999999999,2022/05/13 13:05:00,348.75
1029.23,2022/05/13 13:05:00,348.0
1029.6099999999999,2022/05/13 13:05:00,347.19
1030,2022/05/13 13:05:00,347.01
1030.3800000000001,2022/05/13 13:05:00,346.86
1030.77,2022/05/13 13:05:00,345.56
1031.1500000000001,2022/05/13 13:05:00,344.71
1031.54,2022/05/13 13:05:00,344.1
1031.9200000000001,2022/05/13 13:05:00,342.16
1032.3,2022/05/13 13:05:00,342.01
1032.6900000000001,2022/05/13 13:05:00,341.38
1033.0699999999999,2022/05/13 13:05:00,341.34
1033.46,2022/05/13 13:05:00,342.74
1033.8399999999999,2022/05/13 13:05:00,343.43
1034.22,2022/05/13 13:05:00,344.32
1034.6099999999999,2022/05/13 13:05:00,345.22
1034.99,2022/05/13 13:05:00,343.96
1035.3800000000001,2022/05/13 13:05:00,344.2
1035.76,2022/05/13 13:05:00,343.68
1036.1400000000001,2022/05/13 13:05:00,343.38
1036.53,2022/05/13 13:05:00,344.74
1036.9100000000001,2022/05/13 13:05:00,344.03
1037.3,2022/05/13 13:05:00,345.93
1037.6800000000001,2022/05/13 13:05:00,346.39
1038.0599999999999,2022/05/13 13:05:00,347.53
1038.45,2022/05/13 13:05:00,347.06
1038.8299999999999,2022/05/13 13:05:00,346.41
1039.21,2022/05/13 13:05:00,347.23
1039.5999999999999,2022/05/13 13:05:00,346.38
1039.98,2022/05/13 13:05:00,344.56
1040.3599999999999,2022/05/13 13:05:00,345.06
1040.75,2022/05/13 13:05:00,346.23
1041.1300000000001,2022/05/13 13:05:00,346.71
1041.51,2022/05/13 13:05:00,345.33
1041.9000000000001,2022/05/13 13:05:00,343.22
1042.28,2022/05/13 13:05:00,343.67
1042.6600000000001,2022/05/13 13:05:00,344.09
1043.04,2022/05/13 13:05:00,344.5
1043.4300000000001,2022/05/13 13:05:00,341.91
1043.8099999999999,2022/05/13 13:05:00,337.77
1044.1900000000001,2022/05/13 13:05:00,338.89
1044.5699999999999,2022/05/13 13:05:00,336.19
1044.96,2022/05/13 13:05:00,335.37
1045.3399999999999,2022/05/13 13:05:00,333.57
1045.72,2022/05/13 13:05:00,331.94
1046.1099999999999,2022/05/13 13:05:00,333.01
1046.49,2022/05/13 13:05:00,333.22
1046.8699999999999,2022/05/13 13:05:00,330.68
1047.25,2022/05/13 13:05:00,329.13
1047.6300000000001,2022/05/13 13:05:00,327.56
1048.02,2022/05/13 13:05:00,326.6
1048.4000000000001,2022/05/13 13:05:00,325.72
1048.78,2022/05/13 13:05:00,326.58
1049.1600000000001,2022/05/13 13:05:00,327.52
1049.55,2022/05/13 13:05:00,327.2
1049.9300000000001,2022/05/13 13:05:00,326.8
1050.3099999999999,2022/05/13 13:05:00,329.39
1050.6900000000001,2022/05/13 13:05:00,332.45
1051.0699999999999,2022/05/13 13:05:00,333.68
1051.45,2022/05/13 13:05:00,333.07
1051.8399999999999,2022/05/13 13:05:00,332.45
1052.22,2022/05/13 13:05:00,328.83
1052.5999999999999,2022/05/13 13:05:00,331.97
1052.98,2022/05/13 13:05:00,332.92
1053.3599999999999,2022/05/13 13:05:00,331.4
1053.74,2022/05/13 13:05:00,333.28
1054.1300000000001,2022/05/13 13:05:00,331.84
1054.51,2022/05/13 13:05:00,330.39
1054.8900000000001,2022/05/13 13:05:00,331.14
1055.27,2022/05/13 13:05:00,328.46
1055.6500000000001,2022/05/13 13:05:00,325.86
1056.03,2022/05/13 13:05:00,323.23
1056.4100000000001,2022/05/13 13:05:00,321.59
1056.79,2022/05/13 13:05:00,321.4
1057.1800000000001,2022/05/13 13:05:00,318.9
1057.5599999999999,2022/05/13 13:05:00,317.55
1057.9400000000001,2022/05/13 13:05:00,314.94
1058.3199999999999,2022/05/13 13:05:00,313.62
1058.7,2022/05/13 13:05:00,313.65
1059.0799999999999,2022/05/13 13:05:00,312.36
1059.46,2022/05/13 13:05:00,310.52
1059.8399999999999,2022/05/13 13:05:00,307.24
1060.22,2022/05/13 13:05:00,307.16
1060.5999999999999,2022/05/13 13:05:00,303.0
1060.98,2022/05/13 13:05:00,302.82
1061.3599999999999,2022/05/13 13:05:00,304.05
1061.74,2022/05/13 13:05:00,302.25
1062.1199999999999,2022/05/13 13:05:00,301.78
1062.5,2022/05/13 13:05:00,301.01
1062.8900000000001,2022/05/13 13:05:00,300.03
1063.27,2022/05/13 13:05:00,300.33
1063.6500000000001,2022/05/13 13:05:00,298.98
1064.03,2022/05/13 13:05:00,295.87
1064.4100000000001,2022/05/13 13:05:00,295.54
1064.79,2022/05/13 13:05:00,292.04
1065.1700000000001,2022/05/13 13:05:00,288.3
1065.55,2022/05/13 13:05:00,289.14
1065.9300000000001,2022/05/13 13:05:00,286.64
1066.3099999999999,2022/05/13 13:05:00,290.19
1066.6800000000001,2022/05/13 13:05:00,290.38
1067.0599999999999,2022/05/13 13:05:00,287.19
1067.4400000000001,2022/05/13 13:05:00,287.79
1067.8199999999999,2022/05/13 13:05:00,285.21
1068.2,2022/05/13 13:05:00,284.32
1068.5799999999999,2022/05/13 13:05:00,285.16
1068.96,2022/05/13 13:05:00,284.49
1069.3399999999999,2022/05/13 13:05:00,287.41
1069.72,2022/05/13 13:05:00,286.97
1070.0999999999999,2022/05/13 13:05:00,290.0
1070.48,2022/05/13 13:05:00,293.21
1070.8599999999999,2022/05/13 13:05:00,294.96
1071.24,2022/05/13 13:05:00,296.87
1071.6199999999999,2022/05/13 13:05:00,294.89
1072,2022/05/13 13:05:00,296.67
1072.3699999999999,2022/05/13 13:05:00,292.79
1072.75,2022/05/13 13:05:00,294.58
1073.1300000000001,2022/05/13 13:05:00,296.17
1073.51,2022/05/13 13:05:00,293.87
1073.8900000000001,2022/05/13 13:05:00,295.33
1074.27,2022/05/13 13:05:00,296.32
1074.6500000000001,2022/05/13 13:05:00,297.0
1075.03,2022/05/13 13:05:00,297.4
1075.4000000000001,2022/05/13 13:05:00,292.12
1075.78,2022/05/13 13:05:00,292.88
1076.1600000000001,2022/05/13 13:05:00,295.6
1076.54,2022/05/13 13:05:00,293.99
1076.9200000000001,2022/05/13 13:05:00,294.17
1077.3,2022/05/13 13:05:00,292.14
1077.6700000000001,2022/05/13 13:05:00,289.99
1078.05,2022/05/13 13:05:00,292.26
1078.4300000000001,2022/05/13 13:05:00,292.25
1078.8099999999999,2022/05/13 13:05:00,294.57
1079.1900000000001,2022/05/13 13:05:00,294.6
1079.5599999999999,2022/05/13 13:05:00,294.57
1079.9400000000001,2022/05/13 13:05:00,296.9
1080.3199999999999,2022/05/13 13:05:00,292.47
1080.7,2022/05/13 13:05:00,292.75
1081.0799999999999,2022/05/13 13:05:00,290.43
1081.45,2022/05/13 13:05:00,285.67
1081.8299999999999,2022/05/13 13:05:00,285.67
1082.21,2022/05/13 13:05:00,281.18
1082.5899999999999,2022/05/13 13:05:00,284.41
1082.96,2022/05/13 13:05:00,282.71
1083.3399999999999,2022/05/13 13:05:00,283.69
1083.72,2022/05/13 13:05:00,284.58
1084.0999999999999,2022/05/13 13:05:00,280.63
1084.47,2022/05/13 13:05:00,281.47
1084.8499999999999,2022/05/13 13:05:00,279.88
1085.23,2022/05/13 13:05:00,273.01
1085.5999999999999,2022/05/13 13:05:00,271.03
1085.98,2022/05/13 13:05:00,269.06
1086.3599999999999,2022/05/13 13:05:00,274.9
1086.73,2022/05/13 13:05:00,281.06
1087.1099999999999,2022/05/13 13:05:00,278.27
1087.49,2022/05/13 13:05:00,281.25
1087.8699999999999,2022/05/13 13:05:00,278.3
1088.24,2022/05/13 13:05:00,277.56
1088.6199999999999,2022/05/13 13:05:00,276.8
1089,2022/05/13 13:05:00,275.6
1089.3699999999999,2022/05/13 13:05:00,269.34
1089.75,2022/05/13 13:05:00,271.68
1090.1199999999999,2022/05/13 13:05:00,271.16
1090.5,2022/05/13 13:05:00,276.68
1090.8800000000001,2022/05/13 13:05:00,273.19
1091.25,2022/05/13 13:05:00,272.96
1091.6300000000001,2022/05/13 13:05:00,272.97
1092.01,2022/05/13 13:05:00,266.75
1092.3800000000001,2022/05/13 13:05:00,269.92
1092.76,2022/05/13 13:05:00,266.94
1093.1300000000001,2022/05/13 13:05:00,270.23
1093.51,2022/05/13 13:05:00,263.97
1093.8900000000001,2022/05/13 13:05:00,260.88
1094.26,2022/05/13 13:05:00,271.29
1094.6400000000001,2022/05/13 13:05:00,271.65
1095.01,2022/05/13 13:05:00,278.95
1095.3900000000001,2022/05/13 13:05:00,278.78
1095.76,2022/05/13 13:05:00,271.36
1096.1400000000001,2022/05/13 13:05:00,278.67
1096.51,2022/05/13 13:05:00,275.21
1096.8900000000001,2022/05/13 13:05:00,279.19
1097.27,2022/05/13 13:05:00,279.14
1097.6400000000001,2022/05/13 13:05:00,263.82
1098.02,2022/05/13 13:05:00,263.76
1098.3900000000001,2022/05/13 13:05:00,264.11
1098.77,2022/05/13 13:05:00,260.55
1099.1400000000001,2022/05/13 13:05:00,264.63
1099.52,2022/05/13 13:05:00,256.68
1099.8900000000001,2022/05/13 13:05:00,252.53
1100.27,2022/05/13 13:05:00,244.12
1100.6400000000001,2022/05/13 13:05:00,0.0
1101.02,2022/05/13 13:05:00,0.0
1101.3900000000001,2022/05/13 13:05:00,0.0
1101.76,2022/05/13 13:05:00,0.0
1102.1400000000001,2022/05/13 13:05:00,0.0
1102.51,2022/05/13 13:05:00,0.0
1102.8900000000001,2022/05/13 13:05:00,0.0
1103.26,2022/05/13 13:05:00,0.0
1103.6400000000001,2022/05/13 13:05:00,0.0
1104.01,2022/05/13 13:05:00,0.0
1104.3900000000001,2022/05/13 13:05:00,0.0
1104.76,2022/05/13 13:05:00,0.0
1105.1300000000001,2022/05/13 13:05:00,0.0
1105.51,2022/05/13 13:05:00,0.0
1105.8800000000001,2022/05/13 13:05:00,0.0
1106.26,2022/05/13 13:05:00,0.0
1106.6300000000001,2022/05/13 13:05:00,0.0
1107,2022/05/13 13:05:00,0.0
1107.3800000000001,2022/05/13 13:05:00,0.0
1107.75,2022/05/13 13:05:00,0.0
1108.1300000000001,2022/05/13 13:05:00,0.0
1108.5,2022/05/13 13:05:00,0.0
1108.8699999999999,2022/05/13 13:05:00,0.0
1109.25,2022/05/13 13:05:00,0.0
1109.6199999999999,2022/05/13 13:05:00,0.0
1109.99,2022/05/13 13:05:00,0.0
1110.3699999999999,2022/05/13 13:05:00,0.0
1110.74,2022/05/13 13:05:00,0.0
1111.1099999999999,2022/05/13 13:05:00,0.0
1111.49,2022/05/13 13:05:00,0.0
1111.8599999999999,2022/05/13 13:05:00,0.0
1112.23,2022/05/13 13:05:00,0.0
1112.5999999999999,2022/05/13 13:05:00,0.0
1112.98,2022/05/13 13:05:00,0.0
1113.3499999999999,2022/05/13 13:05:00,0.0
1113.72,2022/05/13 13:05:00,0.0
1114.0999999999999,2022/05/13 13:05:00,0.0
1114.47,2022/05/13 13:05:00,0.0
1114.8399999999999,2022/05/13 13:05:00,0.0
1115.21,2022/05/13 13:05:00,0.0
1115.5899999999999,2022/05/13 13:05:00,0.0
1115.96,2022/05/13 13:05:00,0.0
1116.3299999999999,2022/05/13 13:05:00,0.0
1116.7,2022/05/13 13:05:00,0.0
1117.0799999999999,2022/05/13 13:05:00,0.0
