Wavelength(gantner),RoundedWavelength,Wavelength(std)
284.02999999999997,284,295
284.45999999999998,284.5,295.5
284.88999999999999,285,296
285.31999999999999,285.5,296.5
285.74000000000001,285.5,297
286.17000000000002,286,297.5
286.60000000000002,286.5,298
287.02999999999997,287,298.5
287.44999999999999,287.5,299
287.88,288,299.5
288.31,288.5,300
288.74000000000001,288.5,300.5
289.17000000000002,289,301
289.58999999999997,289.5,301.5
290.01999999999998,290,302
290.44999999999999,290.5,302.5
290.88,291,303
291.30000000000001,291.5,303.5
291.73000000000002,291.5,304
292.16000000000003,292,304.5
292.58999999999997,292.5,305
293.00999999999999,293,305.5
293.44,293.5,306
293.87,294,306.5
294.30000000000001,294.5,307
294.72000000000003,294.5,307.5
295.14999999999998,295,308
295.57999999999998,295.5,308.5
296.00999999999999,296,309
296.43000000000001,296.5,309.5
296.86000000000001,297,310
297.29000000000002,297.5,310.5
297.70999999999998,297.5,311
298.13999999999999,298,311.5
298.56999999999999,298.5,312
299,299,312.5
299.42000000000002,299.5,313
299.85000000000002,300,313.5
300.27999999999997,300.5,314
300.70999999999998,300.5,314.5
301.13,301,315
301.56,301.5,315.5
301.99000000000001,302,316
302.41000000000003,302.5,316.5
302.83999999999997,303,317
303.26999999999998,303.5,317.5
303.69999999999999,303.5,318
304.12,304,318.5
304.55000000000001,304.5,319
304.98000000000002,305,319.5
305.39999999999998,305.5,320
305.82999999999998,306,320.5
306.25999999999999,306.5,321
306.68000000000001,306.5,321.5
307.11000000000001,307,322
307.54000000000002,307.5,322.5
307.95999999999998,308,323
308.38999999999999,308.5,323.5
308.81999999999999,309,324
309.25,309.5,324.5
309.67000000000002,309.5,325
310.10000000000002,310,325.5
310.52999999999997,310.5,326
310.94999999999999,311,326.5
311.38,311.5,327
311.81,312,327.5
312.23000000000002,312,328
312.66000000000003,312.5,328.5
313.08999999999997,313,329
313.50999999999999,313.5,329.5
313.94,314,330
314.37,314.5,330.5
314.79000000000002,315,331
315.22000000000003,315,331.5
315.64999999999998,315.5,332
316.06999999999999,316,332.5
316.5,316.5,333
316.92000000000002,317,333.5
317.35000000000002,317.5,334
317.77999999999997,318,334.5
318.19999999999999,318,335
318.63,318.5,335.5
319.06,319,336
319.48000000000002,319.5,336.5
319.91000000000003,320,337
320.33999999999997,320.5,337.5
320.75999999999999,321,338
321.19,321,338.5
321.61000000000001,321.5,339
322.04000000000002,322,339.5
322.47000000000003,322.5,340
322.88999999999999,323,340.5
323.31999999999999,323.5,341
323.75,324,341.5
324.17000000000002,324,342
324.60000000000002,324.5,342.5
325.01999999999998,325,343
325.44999999999999,325.5,343.5
325.88,326,344
326.30000000000001,326.5,344.5
326.73000000000002,326.5,345
327.14999999999998,327,345.5
327.57999999999998,327.5,346
328.00999999999999,328,346.5
328.43000000000001,328.5,347
328.86000000000001,329,347.5
329.27999999999997,329.5,348
329.70999999999998,329.5,348.5
330.13999999999999,330,349
330.56,330.5,349.5
330.99000000000001,331,350
331.41000000000003,331.5,350.5
331.83999999999997,332,351
332.26999999999998,332.5,351.5
332.69,332.5,352
333.12,333,352.5
333.54000000000002,333.5,353
333.97000000000003,334,353.5
334.39999999999998,334.5,354
334.81999999999999,335,354.5
335.25,335.5,355
335.67000000000002,335.5,355.5
336.10000000000002,336,356
336.51999999999998,336.5,356.5
336.94999999999999,337,357
337.38,337.5,357.5
337.80000000000001,338,358
338.23000000000002,338,358.5
338.64999999999998,338.5,359
339.07999999999998,339,359.5
339.5,339.5,360
339.93000000000001,340,360.5
340.35000000000002,340.5,361
340.77999999999997,341,361.5
341.20999999999998,341,362
341.63,341.5,362.5
342.06,342,363
342.48000000000002,342.5,363.5
342.91000000000003,343,364
343.32999999999998,343.5,364.5
343.75999999999999,344,365
344.18000000000001,344,365.5
344.61000000000001,344.5,366
345.02999999999997,345,366.5
345.45999999999998,345.5,367
345.88,346,367.5
346.31,346.5,368
346.73000000000002,346.5,368.5
347.16000000000003,347,369
347.58999999999997,347.5,369.5
348.00999999999999,348,370
348.44,348.5,370.5
348.86000000000001,349,371
349.29000000000002,349.5,371.5
349.70999999999998,349.5,372
350.13999999999999,350,372.5
350.56,350.5,373
350.99000000000001,351,373.5
351.41000000000003,351.5,374
351.83999999999997,352,374.5
352.25999999999999,352.5,375
352.69,352.5,375.5
353.11000000000001,353,376
353.54000000000002,353.5,376.5
353.95999999999998,354,377
354.38999999999999,354.5,377.5
354.81,355,378
355.24000000000001,355,378.5
355.66000000000003,355.5,379
356.08999999999997,356,379.5
356.50999999999999,356.5,380
356.94,357,380.5
357.36000000000001,357.5,381
357.79000000000002,358,381.5
358.20999999999998,358,382
358.63999999999999,358.5,382.5
359.06,359,383
359.48000000000002,359.5,383.5
359.91000000000003,360,384
360.32999999999998,360.5,384.5
360.75999999999999,361,385
361.18000000000001,361,385.5
361.61000000000001,361.5,386
362.02999999999997,362,386.5
362.45999999999998,362.5,387
362.88,363,387.5
363.31,363.5,388
363.73000000000002,363.5,388.5
364.16000000000003,364,389
364.57999999999998,364.5,389.5
365,365,390
365.43000000000001,365.5,390.5
365.85000000000002,366,391
366.27999999999997,366.5,391.5
366.69999999999999,366.5,392
367.13,367,392.5
367.55000000000001,367.5,393
367.98000000000002,368,393.5
368.39999999999998,368.5,394
368.81999999999999,369,394.5
369.25,369.5,395
369.67000000000002,369.5,395.5
370.10000000000002,370,396
370.51999999999998,370.5,396.5
370.94999999999999,371,397
371.37,371.5,397.5
371.80000000000001,372,398
372.22000000000003,372,398.5
372.63999999999999,372.5,399
373.06999999999999,373,399.5
373.49000000000001,373.5,400
373.92000000000002,374,401
374.33999999999997,374.5,402
374.75999999999999,375,403
375.19,375,404
375.61000000000001,375.5,405
376.04000000000002,376,406
376.45999999999998,376.5,407
376.88,377,408
377.31,377.5,409
377.73000000000002,377.5,410
378.16000000000003,378,411
378.57999999999998,378.5,412
379.00999999999999,379,413
379.43000000000001,379.5,414
379.85000000000002,380,415
380.27999999999997,380.5,416
380.69999999999999,380.5,417
381.12,381,418
381.55000000000001,381.5,419
381.97000000000003,382,420
382.39999999999998,382.5,421
382.81999999999999,383,422
383.24000000000001,383,423
383.67000000000002,383.5,424
384.08999999999997,384,425
384.51999999999998,384.5,426
384.94,385,427
385.36000000000001,385.5,428
385.79000000000002,386,429
386.20999999999998,386,430
386.63,386.5,431
387.06,387,432
387.48000000000002,387.5,433
387.89999999999998,388,434
388.32999999999998,388.5,435
388.75,389,436
389.18000000000001,389,437
389.60000000000002,389.5,438
390.01999999999998,390,439
390.44999999999999,390.5,440
390.87,391,441
391.29000000000002,391.5,442
391.72000000000003,391.5,443
392.13999999999999,392,444
392.56,392.5,445
392.99000000000001,393,446
393.41000000000003,393.5,447
393.82999999999998,394,448
394.25999999999999,394.5,449
394.68000000000001,394.5,450
395.10000000000002,395,451
395.52999999999997,395.5,452
395.94999999999999,396,453
396.37,396.5,454
396.80000000000001,397,455
397.22000000000003,397,456
397.63999999999999,397.5,457
398.06999999999999,398,458
398.49000000000001,398.5,459
398.91000000000003,399,460
399.33999999999997,399.5,461
399.75999999999999,400,462
400.18000000000001,400,463
400.61000000000001,400.5,464
401.02999999999997,401,465
401.44999999999999,401.5,466
401.88,402,467
402.30000000000001,402.5,468
402.72000000000003,402.5,469
403.14999999999998,403,470
403.56999999999999,403.5,471
403.99000000000001,404,472
404.41000000000003,404.5,473
404.83999999999997,405,474
405.25999999999999,405.5,475
405.68000000000001,405.5,476
406.11000000000001,406,477
406.52999999999997,406.5,478
406.94999999999999,407,479
407.37,407.5,480
407.80000000000001,408,481
408.22000000000003,408,482
408.63999999999999,408.5,483
409.06999999999999,409,484
409.49000000000001,409.5,485
409.91000000000003,410,486
410.32999999999998,410.5,487
410.75999999999999,411,488
411.18000000000001,411,489
411.60000000000002,411.5,490
412.02999999999997,412,491
412.44999999999999,412.5,492
412.87,413,493
413.29000000000002,413.5,494
413.72000000000003,413.5,495
414.13999999999999,414,496
414.56,414.5,497
414.98000000000002,415,498
415.41000000000003,415.5,499
415.82999999999998,416,500
416.25,416.5,501
416.67000000000002,416.5,502
417.10000000000002,417,503
417.51999999999998,417.5,504
417.94,418,505
418.36000000000001,418.5,506
418.79000000000002,419,507
419.20999999999998,419,508
419.63,419.5,509
420.05000000000001,420,510
420.48000000000002,420.5,511
420.89999999999998,421,512
421.31999999999999,421.5,513
421.74000000000001,421.5,514
422.17000000000002,422,515
422.58999999999997,422.5,516
423.00999999999999,423,517
423.43000000000001,423.5,518
423.86000000000001,424,519
424.27999999999997,424.5,520
424.69999999999999,424.5,521
425.12,425,522
425.54000000000002,425.5,523
425.97000000000003,426,524
426.38999999999999,426.5,525
426.81,427,526
427.23000000000002,427,527
427.66000000000003,427.5,528
428.07999999999998,428,529
428.5,428.5,530
428.92000000000002,429,531
429.33999999999997,429.5,532
429.76999999999998,430,533
430.19,430,534
430.61000000000001,430.5,535
431.02999999999997,431,536
431.44999999999999,431.5,537
431.88,432,538
432.30000000000001,432.5,539
432.72000000000003,432.5,540
433.13999999999999,433,541
433.56,433.5,542
433.99000000000001,434,543
434.41000000000003,434.5,544
434.82999999999998,435,545
435.25,435.5,546
435.67000000000002,435.5,547
436.08999999999997,436,548
436.51999999999998,436.5,549
436.94,437,550
437.36000000000001,437.5,551
437.77999999999997,438,552
438.19999999999999,438,553
438.63,438.5,554
439.05000000000001,439,555
439.47000000000003,439.5,556
439.88999999999999,440,557
440.31,440.5,558
440.73000000000002,440.5,559
441.16000000000003,441,560
441.57999999999998,441.5,561
442,442,562
442.42000000000002,442.5,563
442.83999999999997,443,564
443.25999999999999,443.5,565
443.68000000000001,443.5,566
444.11000000000001,444,567
444.52999999999997,444.5,568
444.94999999999999,445,569
445.37,445.5,570
445.79000000000002,446,571
446.20999999999998,446,572
446.63999999999999,446.5,573
447.06,447,574
447.48000000000002,447.5,575
447.89999999999998,448,576
448.31999999999999,448.5,577
448.74000000000001,448.5,578
449.16000000000003,449,579
449.57999999999998,449.5,580
450.00999999999999,450,581
450.43000000000001,450.5,582
450.85000000000002,451,583
451.26999999999998,451.5,584
451.69,451.5,585
452.11000000000001,452,586
452.52999999999997,452.5,587
452.94999999999999,453,588
453.38,453.5,589
453.80000000000001,454,590
454.22000000000003,454,591
454.63999999999999,454.5,592
455.06,455,593
455.48000000000002,455.5,594
455.89999999999998,456,595
456.31999999999999,456.5,596
456.75,457,597
457.17000000000002,457,598
457.58999999999997,457.5,599
458.00999999999999,458,600
458.43000000000001,458.5,601
458.85000000000002,459,602
459.26999999999998,459.5,603
459.69,459.5,604
460.11000000000001,460,605
460.52999999999997,460.5,606
460.94999999999999,461,607
461.38,461.5,608
461.80000000000001,462,609
462.22000000000003,462,610
462.63999999999999,462.5,611
463.06,463,612
463.48000000000002,463.5,613
463.89999999999998,464,614
464.31999999999999,464.5,615
464.74000000000001,464.5,616
465.16000000000003,465,617
465.57999999999998,465.5,618
466,466,619
466.43000000000001,466.5,620
466.85000000000002,467,621
467.26999999999998,467.5,622
467.69,467.5,623
468.11000000000001,468,624
468.52999999999997,468.5,625
468.94999999999999,469,626
469.37,469.5,627
469.79000000000002,470,628
470.20999999999998,470,629
470.63,470.5,630
471.05000000000001,471,631
471.47000000000003,471.5,632
471.88999999999999,472,633
472.31,472.5,634
472.73000000000002,472.5,635
473.14999999999998,473,636
473.56999999999999,473.5,637
474,474,638
474.42000000000002,474.5,639
474.83999999999997,475,640
475.25999999999999,475.5,641
475.68000000000001,475.5,642
476.10000000000002,476,643
476.51999999999998,476.5,644
476.94,477,645
477.36000000000001,477.5,646
477.77999999999997,478,647
478.19999999999999,478,648
478.62,478.5,649
479.04000000000002,479,650
479.45999999999998,479.5,651
479.88,480,652
480.30000000000001,480.5,653
480.72000000000003,480.5,654
481.13999999999999,481,655
481.56,481.5,656
481.98000000000002,482,657
482.39999999999998,482.5,658
482.81999999999999,483,659
483.24000000000001,483,660
483.66000000000003,483.5,661
484.07999999999998,484,662
484.5,484.5,663
484.92000000000002,485,664
485.33999999999997,485.5,665
485.75999999999999,486,666
486.18000000000001,486,667
486.60000000000002,486.5,668
487.01999999999998,487,669
487.44,487.5,670
487.86000000000001,488,671
488.27999999999997,488.5,672
488.69999999999999,488.5,673
489.12,489,674
489.54000000000002,489.5,675
489.95999999999998,490,676
490.38,490.5,677
490.80000000000001,491,678
491.22000000000003,491,679
491.63999999999999,491.5,680
492.06,492,681
492.48000000000002,492.5,682
492.89999999999998,493,683
493.31999999999999,493.5,684
493.74000000000001,493.5,685
494.16000000000003,494,686
494.57999999999998,494.5,687
495,495,688
495.42000000000002,495.5,689
495.83999999999997,496,690
496.25999999999999,496.5,691
496.67000000000002,496.5,692
497.08999999999997,497,693
497.50999999999999,497.5,694
497.93000000000001,498,695
498.35000000000002,498.5,696
498.76999999999998,499,697
499.19,499,698
499.61000000000001,499.5,699
500.02999999999997,500,700
500.44999999999999,500.5,701
500.87,501,702
501.29000000000002,501.5,703
501.70999999999998,501.5,704
502.13,502,705
502.55000000000001,502.5,706
502.97000000000003,503,707
503.38999999999999,503.5,708
503.81,504,709
504.22000000000003,504,710
504.63999999999999,504.5,711
505.06,505,712
505.48000000000002,505.5,713
505.89999999999998,506,714
506.31999999999999,506.5,715
506.74000000000001,506.5,716
507.16000000000003,507,717
507.57999999999998,507.5,718
508,508,719
508.42000000000002,508.5,720
508.83999999999997,509,721
509.25999999999999,509.5,722
509.67000000000002,509.5,723
510.08999999999997,510,724
510.50999999999999,510.5,725
510.93000000000001,511,726
511.35000000000002,511.5,727
511.76999999999998,512,728
512.19000000000005,512,729
512.61000000000001,512.5,730
513.02999999999997,513,731
513.45000000000005,513.5,732
513.86000000000001,514,733
514.27999999999997,514.5,734
514.70000000000005,514.5,735
515.12,515,736
515.53999999999996,515.5,737
515.96000000000004,516,738
516.38,516.5,739
516.79999999999995,517,740
517.22000000000003,517,741
517.63,517.5,742
518.04999999999995,518,743
518.47000000000003,518.5,744
518.88999999999999,519,745
519.30999999999995,519.5,746
519.73000000000002,519.5,747
520.14999999999998,520,748
520.57000000000005,520.5,749
520.98000000000002,521,750
521.39999999999998,521.5,751
521.82000000000005,522,752
522.24000000000001,522,753
522.65999999999997,522.5,754
523.08000000000004,523,755
523.5,523.5,756
523.90999999999997,524,757
524.33000000000004,524.5,758
524.75,525,759
525.16999999999996,525,760
525.59000000000003,525.5,761
526.00999999999999,526,762
526.42999999999995,526.5,763
526.84000000000003,527,764
527.25999999999999,527.5,765
527.67999999999995,527.5,766
528.10000000000002,528,767
528.51999999999998,528.5,768
528.94000000000005,529,769
529.35000000000002,529.5,770
529.76999999999998,530,771
530.19000000000005,530,772
530.61000000000001,530.5,773
531.02999999999997,531,774
531.45000000000005,531.5,775
531.86000000000001,532,776
532.27999999999997,532.5,777
532.70000000000005,532.5,778
533.12,533,779
533.53999999999996,533.5,780
533.95000000000005,534,781
534.37,534.5,782
534.78999999999996,535,783
535.21000000000004,535,784
535.63,535.5,785
536.04999999999995,536,786
536.46000000000004,536.5,787
536.88,537,788
537.29999999999995,537.5,789
537.72000000000003,537.5,790
538.13999999999999,538,791
538.54999999999995,538.5,792
538.97000000000003,539,793
539.38999999999999,539.5,794
539.80999999999995,540,795
540.23000000000002,540,796
540.63999999999999,540.5,797
541.05999999999995,541,798
541.48000000000002,541.5,799
541.89999999999998,542,800
542.32000000000005,542.5,801
542.73000000000002,542.5,802
543.14999999999998,543,803
543.57000000000005,543.5,804
543.99000000000001,544,805
544.39999999999998,544.5,806
544.82000000000005,545,807
545.24000000000001,545,808
545.65999999999997,545.5,809
546.08000000000004,546,810
546.49000000000001,546.5,811
546.90999999999997,547,812
547.33000000000004,547.5,813
547.75,548,814
548.15999999999997,548,815
548.58000000000004,548.5,816
549,549,817
549.41999999999996,549.5,818
549.83000000000004,550,819
550.25,550.5,820
550.66999999999996,550.5,821
551.09000000000003,551,822
551.5,551.5,823
551.91999999999996,552,824
552.34000000000003,552.5,825
552.75999999999999,553,826
553.16999999999996,553,827
553.59000000000003,553.5,828
554.00999999999999,554,829
554.42999999999995,554.5,830
554.84000000000003,555,831
555.25999999999999,555.5,832
555.67999999999995,555.5,833
556.10000000000002,556,834
556.50999999999999,556.5,835
556.92999999999995,557,836
557.35000000000002,557.5,837
557.76999999999998,558,838
558.17999999999995,558,839
558.60000000000002,558.5,840
559.01999999999998,559,841
559.42999999999995,559.5,842
559.85000000000002,560,843
560.26999999999998,560.5,844
560.69000000000005,560.5,845
561.10000000000002,561,846
561.51999999999998,561.5,847
561.94000000000005,562,848
562.35000000000002,562.5,849
562.76999999999998,563,850
563.19000000000005,563,851
563.61000000000001,563.5,852
564.01999999999998,564,853
564.44000000000005,564.5,854
564.86000000000001,565,855
565.26999999999998,565.5,856
565.69000000000005,565.5,857
566.11000000000001,566,858
566.51999999999998,566.5,859
566.94000000000005,567,860
567.36000000000001,567.5,861
567.76999999999998,568,862
568.19000000000005,568,863
568.61000000000001,568.5,864
569.02999999999997,569,865
569.44000000000005,569.5,866
569.86000000000001,570,867
570.27999999999997,570.5,868
570.69000000000005,570.5,869
571.11000000000001,571,870
571.52999999999997,571.5,871
571.94000000000005,572,872
572.36000000000001,572.5,873
572.77999999999997,573,874
573.19000000000005,573,875
573.61000000000001,573.5,876
574.02999999999997,574,877
574.44000000000005,574.5,878
574.86000000000001,575,879
575.27999999999997,575.5,880
575.69000000000005,575.5,881
576.11000000000001,576,882
576.52999999999997,576.5,883
576.94000000000005,577,884
577.36000000000001,577.5,885
577.77999999999997,578,886
578.19000000000005,578,887
578.61000000000001,578.5,888
579.01999999999998,579,889
579.44000000000005,579.5,890
579.86000000000001,580,891
580.26999999999998,580.5,892
580.69000000000005,580.5,893
581.11000000000001,581,894
581.51999999999998,581.5,895
581.94000000000005,582,896
582.36000000000001,582.5,897
582.76999999999998,583,898
583.19000000000005,583,899
583.60000000000002,583.5,900
584.01999999999998,584,901
584.44000000000005,584.5,902
584.85000000000002,585,903
585.26999999999998,585.5,904
585.69000000000005,585.5,905
586.10000000000002,586,906
586.51999999999998,586.5,907
586.92999999999995,587,908
587.35000000000002,587.5,909
587.76999999999998,588,910
588.17999999999995,588,911
588.60000000000002,588.5,912
589.00999999999999,589,913
589.42999999999995,589.5,914
589.85000000000002,590,915
590.25999999999999,590.5,916
590.67999999999995,590.5,917
591.09000000000003,591,918
591.50999999999999,591.5,919
591.92999999999995,592,920
592.34000000000003,592.5,921
592.75999999999999,593,922
593.16999999999996,593,923
593.59000000000003,593.5,924
594.00999999999999,594,925
594.41999999999996,594.5,926
594.84000000000003,595,927
595.25,595.5,928
595.66999999999996,595.5,929
596.08000000000004,596,930
596.5,596.5,931
596.91999999999996,597,932
597.33000000000004,597.5,933
597.75,598,934
598.15999999999997,598,935
598.58000000000004,598.5,936
598.99000000000001,599,937
599.40999999999997,599.5,938
599.83000000000004,600,939
600.24000000000001,600,940
600.65999999999997,600.5,941
601.07000000000005,601,942
601.49000000000001,601.5,943
601.89999999999998,602,944
602.32000000000005,602.5,945
602.73000000000002,602.5,946
603.14999999999998,603,947
603.55999999999995,603.5,948
603.98000000000002,604,949
604.39999999999998,604.5,950
604.80999999999995,605,951
605.23000000000002,605,952
605.63999999999999,605.5,953
606.05999999999995,606,954
606.47000000000003,606.5,955
606.88999999999999,607,956
607.29999999999995,607.5,957
607.72000000000003,607.5,958
608.13,608,959
608.54999999999995,608.5,960
608.96000000000004,609,961
609.38,609.5,962
609.78999999999996,610,963
610.21000000000004,610,964
610.62,610.5,965
611.03999999999996,611,966
611.46000000000004,611.5,967
611.87,612,968
612.28999999999996,612.5,969
612.70000000000005,612.5,970
613.12,613,971
613.52999999999997,613.5,972
613.95000000000005,614,973
614.36000000000001,614.5,974
614.77999999999997,615,975
615.19000000000005,615,976
615.61000000000001,615.5,977
616.01999999999998,616,978
616.44000000000005,616.5,979
616.85000000000002,617,980
617.25999999999999,617.5,981
617.67999999999995,617.5,982
618.09000000000003,618,983
618.50999999999999,618.5,984
618.91999999999996,619,985
619.34000000000003,619.5,986
619.75,620,987
620.16999999999996,620,988
620.58000000000004,620.5,989
621,621,990
621.40999999999997,621.5,991
621.83000000000004,622,992
622.24000000000001,622,993
622.65999999999997,622.5,994
623.07000000000005,623,995
623.49000000000001,623.5,996
623.89999999999998,624,997
624.32000000000005,624.5,998
624.73000000000002,624.5,999
625.13999999999999,625,1000
625.55999999999995,625.5,1001
625.97000000000003,626,1002
626.38999999999999,626.5,1003
626.79999999999995,627,1004
627.22000000000003,627,1005
627.63,627.5,1006
628.04999999999995,628,1007
628.46000000000004,628.5,1008
628.87,629,1009
629.28999999999996,629.5,1010
629.70000000000005,629.5,1011
630.12,630,1012
630.52999999999997,630.5,1013
630.95000000000005,631,1014
631.36000000000001,631.5,1015
631.76999999999998,632,1016
632.19000000000005,632,1017
632.60000000000002,632.5,1018
633.01999999999998,633,1019
633.42999999999995,633.5,1020
633.85000000000002,634,1021
634.25999999999999,634.5,1022
634.66999999999996,634.5,1023
635.09000000000003,635,1024
635.5,635.5,1025
635.91999999999996,636,1026
636.33000000000004,636.5,1027
636.74000000000001,636.5,1028
637.15999999999997,637,1029
637.57000000000005,637.5,1030
637.99000000000001,638,1031
638.39999999999998,638.5,1032
638.80999999999995,639,1033
639.23000000000002,639,1034
639.63999999999999,639.5,1035
640.05999999999995,640,1036
640.47000000000003,640.5,1037
640.88,641,1038
641.29999999999995,641.5,1039
641.71000000000004,641.5,1040
642.12,642,1041
642.53999999999996,642.5,1042
642.95000000000005,643,1043
643.37,643.5,1044
643.77999999999997,644,1045
644.19000000000005,644,1046
644.61000000000001,644.5,1047
645.01999999999998,645,1048
645.42999999999995,645.5,1049
645.85000000000002,646,1050
646.25999999999999,646.5,1051
646.67999999999995,646.5,1052
647.09000000000003,647,1053
647.5,647.5,1054
647.91999999999996,648,1055
648.33000000000004,648.5,1056
648.74000000000001,648.5,1057
649.15999999999997,649,1058
649.57000000000005,649.5,1059
649.98000000000002,650,1060
650.39999999999998,650.5,1061
650.80999999999995,651,1062
651.22000000000003,651,1063
651.63999999999999,651.5,1064
652.04999999999995,652,1065
652.46000000000004,652.5,1066
652.88,653,1067
653.28999999999996,653.5,1068
653.70000000000005,653.5,1069
654.12,654,1070
654.52999999999997,654.5,1071
654.94000000000005,655,1072
655.36000000000001,655.5,1073
655.76999999999998,656,1074
656.17999999999995,656,1075
656.60000000000002,656.5,1076
657.00999999999999,657,1077
657.41999999999996,657.5,1078
657.84000000000003,658,1079
658.25,658.5,1080
658.65999999999997,658.5,1081
659.07000000000005,659,1082
659.49000000000001,659.5,1083
659.89999999999998,660,1084
660.30999999999995,660.5,1085
660.73000000000002,660.5,1086
661.13999999999999,661,1087
661.54999999999995,661.5,1088
661.97000000000003,662,1089
662.38,662.5,1090
662.78999999999996,663,1091
663.20000000000005,663,1092
663.62,663.5,1093
664.02999999999997,664,1094
664.44000000000005,664.5,1095
664.86000000000001,665,1096
665.26999999999998,665.5,1097
665.67999999999995,665.5,1098
666.09000000000003,666,1099
666.50999999999999,666.5,1100
666.91999999999996,667,1101
667.33000000000004,667.5,1102
667.74000000000001,667.5,1103
668.15999999999997,668,1104
668.57000000000005,668.5,1105
668.98000000000002,669,1106
669.38999999999999,669.5,1107
669.80999999999995,670,1108
670.22000000000003,670,1109
670.63,670.5,1110
671.03999999999996,671,1111
671.46000000000004,671.5,1112
671.87,672,1113
672.27999999999997,672.5,1114
672.69000000000005,672.5,1115
673.11000000000001,673,1116
673.51999999999998,673.5,1117
673.92999999999995,674,1118
674.34000000000003,674.5,
674.75999999999999,675,
675.16999999999996,675,
675.58000000000004,675.5,
675.99000000000001,676,
676.40999999999997,676.5,
676.82000000000005,677,
677.23000000000002,677,
677.63999999999999,677.5,
678.04999999999995,678,
678.47000000000003,678.5,
678.88,679,
679.28999999999996,679.5,
679.70000000000005,679.5,
680.11000000000001,680,
680.52999999999997,680.5,
680.94000000000005,681,
681.35000000000002,681.5,
681.75999999999999,682,
682.16999999999996,682,
682.59000000000003,682.5,
683,683,
683.40999999999997,683.5,
683.82000000000005,684,
684.23000000000002,684,
684.64999999999998,684.5,
685.05999999999995,685,
685.47000000000003,685.5,
685.88,686,
686.28999999999996,686.5,
686.70000000000005,686.5,
687.12,687,
687.52999999999997,687.5,
687.94000000000005,688,
688.35000000000002,688.5,
688.75999999999999,689,
689.16999999999996,689,
689.59000000000003,689.5,
690,690,
690.40999999999997,690.5,
690.82000000000005,691,
691.23000000000002,691,
691.63999999999999,691.5,
692.05999999999995,692,
692.47000000000003,692.5,
692.88,693,
693.28999999999996,693.5,
693.70000000000005,693.5,
694.11000000000001,694,
694.51999999999998,694.5,
694.94000000000005,695,
695.35000000000002,695.5,
695.75999999999999,696,
696.16999999999996,696,
696.58000000000004,696.5,
696.99000000000001,697,
697.39999999999998,697.5,
697.80999999999995,698,
698.23000000000002,698,
698.63999999999999,698.5,
699.04999999999995,699,
699.46000000000004,699.5,
699.87,700,
700.27999999999997,700.5,
700.69000000000005,700.5,
701.10000000000002,701,
701.50999999999999,701.5,
701.91999999999996,702,
702.34000000000003,702.5,
702.75,703,
703.15999999999997,703,
703.57000000000005,703.5,
703.98000000000002,704,
704.38999999999999,704.5,
704.79999999999995,705,
705.21000000000004,705,
705.62,705.5,
706.02999999999997,706,
706.44000000000005,706.5,
706.86000000000001,707,
707.26999999999998,707.5,
707.67999999999995,707.5,
708.09000000000003,708,
708.5,708.5,
708.90999999999997,709,
709.32000000000005,709.5,
709.73000000000002,709.5,
710.13999999999999,710,
710.54999999999995,710.5,
710.96000000000004,711,
711.37,711.5,
711.77999999999997,712,
712.19000000000005,712,
712.60000000000002,712.5,
713.00999999999999,713,
713.41999999999996,713.5,
713.83000000000004,714,
714.25,714.5,
714.65999999999997,714.5,
715.07000000000005,715,
715.48000000000002,715.5,
715.88999999999999,716,
716.29999999999995,716.5,
716.71000000000004,716.5,
717.12,717,
717.52999999999997,717.5,
717.94000000000005,718,
718.35000000000002,718.5,
718.75999999999999,719,
719.16999999999996,719,
719.58000000000004,719.5,
719.99000000000001,720,
720.39999999999998,720.5,
720.80999999999995,721,
721.22000000000003,721,
721.63,721.5,
722.03999999999996,722,
722.45000000000005,722.5,
722.86000000000001,723,
723.26999999999998,723.5,
723.67999999999995,723.5,
724.09000000000003,724,
724.5,724.5,
724.90999999999997,725,
725.32000000000005,725.5,
725.73000000000002,725.5,
726.13999999999999,726,
726.54999999999995,726.5,
726.96000000000004,727,
727.37,727.5,
727.77999999999997,728,
728.17999999999995,728,
728.59000000000003,728.5,
729,729,
729.40999999999997,729.5,
729.82000000000005,730,
730.23000000000002,730,
730.63999999999999,730.5,
731.04999999999995,731,
731.46000000000004,731.5,
731.87,732,
732.27999999999997,732.5,
732.69000000000005,732.5,
733.10000000000002,733,
733.50999999999999,733.5,
733.91999999999996,734,
734.33000000000004,734.5,
734.74000000000001,734.5,
735.14999999999998,735,
735.54999999999995,735.5,
735.96000000000004,736,
736.37,736.5,
736.77999999999997,737,
737.19000000000005,737,
737.60000000000002,737.5,
738.00999999999999,738,
738.41999999999996,738.5,
738.83000000000004,739,
739.24000000000001,739,
739.64999999999998,739.5,
740.04999999999995,740,
740.46000000000004,740.5,
740.87,741,
741.27999999999997,741.5,
741.69000000000005,741.5,
742.10000000000002,742,
742.50999999999999,742.5,
742.91999999999996,743,
743.33000000000004,743.5,
743.73000000000002,743.5,
744.13999999999999,744,
744.54999999999995,744.5,
744.96000000000004,745,
745.37,745.5,
745.77999999999997,746,
746.19000000000005,746,
746.60000000000002,746.5,
747,747,
747.40999999999997,747.5,
747.82000000000005,748,
748.23000000000002,748,
748.63999999999999,748.5,
749.04999999999995,749,
749.45000000000005,749.5,
749.86000000000001,750,
750.26999999999998,750.5,
750.67999999999995,750.5,
751.09000000000003,751,
751.5,751.5,
751.90999999999997,752,
752.30999999999995,752.5,
752.72000000000003,752.5,
753.13,753,
753.53999999999996,753.5,
753.95000000000005,754,
754.35000000000002,754.5,
754.75999999999999,755,
755.16999999999996,755,
755.58000000000004,755.5,
755.99000000000001,756,
756.39999999999998,756.5,
756.79999999999995,757,
757.21000000000004,757,
757.62,757.5,
758.02999999999997,758,
758.44000000000005,758.5,
758.84000000000003,759,
759.25,759.5,
759.65999999999997,759.5,
760.07000000000005,760,
760.47000000000003,760.5,
760.88,761,
761.28999999999996,761.5,
761.70000000000005,761.5,
762.11000000000001,762,
762.50999999999999,762.5,
762.91999999999996,763,
763.33000000000004,763.5,
763.74000000000001,763.5,
764.13999999999999,764,
764.54999999999995,764.5,
764.96000000000004,765,
765.37,765.5,
765.76999999999998,766,
766.17999999999995,766,
766.59000000000003,766.5,
767,767,
767.39999999999998,767.5,
767.80999999999995,768,
768.22000000000003,768,
768.63,768.5,
769.02999999999997,769,
769.44000000000005,769.5,
769.85000000000002,770,
770.25999999999999,770.5,
770.65999999999997,770.5,
771.07000000000005,771,
771.48000000000002,771.5,
771.88,772,
772.28999999999996,772.5,
772.70000000000005,772.5,
773.11000000000001,773,
773.50999999999999,773.5,
773.91999999999996,774,
774.33000000000004,774.5,
774.73000000000002,774.5,
775.13999999999999,775,
775.54999999999995,775.5,
775.95000000000005,776,
776.36000000000001,776.5,
776.76999999999998,777,
777.16999999999996,777,
777.58000000000004,777.5,
777.99000000000001,778,
778.39999999999998,778.5,
778.79999999999995,779,
779.21000000000004,779,
779.62,779.5,
780.01999999999998,780,
780.42999999999995,780.5,
780.84000000000003,781,
781.24000000000001,781,
781.64999999999998,781.5,
782.05999999999995,782,
782.46000000000004,782.5,
782.87,783,
783.26999999999998,783.5,
783.67999999999995,783.5,
784.09000000000003,784,
784.49000000000001,784.5,
784.89999999999998,785,
785.30999999999995,785.5,
785.71000000000004,785.5,
786.12,786,
786.52999999999997,786.5,
786.92999999999995,787,
787.34000000000003,787.5,
787.74000000000001,787.5,
788.14999999999998,788,
788.55999999999995,788.5,
788.96000000000004,789,
789.37,789.5,
789.76999999999998,790,
790.17999999999995,790,
790.59000000000003,790.5,
790.99000000000001,791,
791.39999999999998,791.5,
791.79999999999995,792,
792.21000000000004,792,
792.62,792.5,
793.01999999999998,793,
793.42999999999995,793.5,
793.83000000000004,794,
794.24000000000001,794,
794.64999999999998,794.5,
795.04999999999995,795,
795.46000000000004,795.5,
795.86000000000001,796,
796.26999999999998,796.5,
796.66999999999996,796.5,
797.08000000000004,797,
797.49000000000001,797.5,
797.88999999999999,798,
798.29999999999995,798.5,
798.70000000000005,798.5,
799.11000000000001,799,
799.50999999999999,799.5,
799.91999999999996,800,
800.32000000000005,800.5,
800.73000000000002,800.5,
801.13,801,
801.53999999999996,801.5,
801.94000000000005,802,
802.35000000000002,802.5,
802.75999999999999,803,
803.15999999999997,803,
803.57000000000005,803.5,
803.97000000000003,804,
804.38,804.5,
804.77999999999997,805,
805.19000000000005,805,
805.59000000000003,805.5,
806,806,
806.39999999999998,806.5,
806.80999999999995,807,
807.21000000000004,807,
807.62,807.5,
808.01999999999998,808,
808.42999999999995,808.5,
808.83000000000004,809,
809.24000000000001,809,
809.63999999999999,809.5,
810.03999999999996,810,
810.45000000000005,810.5,
810.85000000000002,811,
811.25999999999999,811.5,
811.65999999999997,811.5,
812.07000000000005,812,
812.47000000000003,812.5,
812.88,813,
813.27999999999997,813.5,
813.69000000000005,813.5,
814.09000000000003,814,
814.5,814.5,
814.89999999999998,815,
815.29999999999995,815.5,
815.71000000000004,815.5,
816.11000000000001,816,
816.51999999999998,816.5,
816.91999999999996,817,
817.33000000000004,817.5,
817.73000000000002,817.5,
818.13,818,
818.53999999999996,818.5,
818.94000000000005,819,
819.35000000000002,819.5,
819.75,820,
820.15999999999997,820,
820.55999999999995,820.5,
820.96000000000004,821,
821.37,821.5,
821.76999999999998,822,
822.17999999999995,822,
822.58000000000004,822.5,
822.98000000000002,823,
823.38999999999999,823.5,
823.78999999999996,824,
824.19000000000005,824,
824.60000000000002,824.5,
825,825,
825.40999999999997,825.5,
825.80999999999995,826,
826.21000000000004,826,
826.62,826.5,
827.01999999999998,827,
827.41999999999996,827.5,
827.83000000000004,828,
828.23000000000002,828,
828.63,828.5,
829.03999999999996,829,
829.44000000000005,829.5,
829.84000000000003,830,
830.25,830.5,
830.64999999999998,830.5,
831.04999999999995,831,
831.46000000000004,831.5,
831.86000000000001,832,
832.25999999999999,832.5,
832.66999999999996,832.5,
833.07000000000005,833,
833.47000000000003,833.5,
833.88,834,
834.27999999999997,834.5,
834.67999999999995,834.5,
835.09000000000003,835,
835.49000000000001,835.5,
835.88999999999999,836,
836.29999999999995,836.5,
836.70000000000005,836.5,
837.10000000000002,837,
837.5,837.5,
837.90999999999997,838,
838.30999999999995,838.5,
838.71000000000004,838.5,
839.12,839,
839.51999999999998,839.5,
839.91999999999996,840,
840.32000000000005,840.5,
840.73000000000002,840.5,
841.13,841,
841.52999999999997,841.5,
841.92999999999995,842,
842.34000000000003,842.5,
842.74000000000001,842.5,
843.13999999999999,843,
843.53999999999996,843.5,
843.95000000000005,844,
844.35000000000002,844.5,
844.75,845,
845.14999999999998,845,
845.55999999999995,845.5,
845.96000000000004,846,
846.36000000000001,846.5,
846.75999999999999,847,
847.15999999999997,847,
847.57000000000005,847.5,
847.97000000000003,848,
848.37,848.5,
848.76999999999998,849,
849.16999999999996,849,
849.58000000000004,849.5,
849.98000000000002,850,
850.38,850.5,
850.77999999999997,851,
851.17999999999995,851,
851.59000000000003,851.5,
851.99000000000001,852,
852.38999999999999,852.5,
852.78999999999996,853,
853.19000000000005,853,
853.59000000000003,853.5,
854,854,
854.39999999999998,854.5,
854.79999999999995,855,
855.20000000000005,855,
855.60000000000002,855.5,
856,856,
856.40999999999997,856.5,
856.80999999999995,857,
857.21000000000004,857,
857.61000000000001,857.5,
858.00999999999999,858,
858.40999999999997,858.5,
858.80999999999995,859,
859.22000000000003,859,
859.62,859.5,
860.01999999999998,860,
860.41999999999996,860.5,
860.82000000000005,861,
861.22000000000003,861,
861.62,861.5,
862.01999999999998,862,
862.41999999999996,862.5,
862.83000000000004,863,
863.23000000000002,863,
863.63,863.5,
864.02999999999997,864,
864.42999999999995,864.5,
864.83000000000004,865,
865.23000000000002,865,
865.63,865.5,
866.02999999999997,866,
866.42999999999995,866.5,
866.83000000000004,867,
867.23000000000002,867,
867.63999999999999,867.5,
868.03999999999996,868,
868.44000000000005,868.5,
868.84000000000003,869,
869.24000000000001,869,
869.63999999999999,869.5,
870.03999999999996,870,
870.44000000000005,870.5,
870.84000000000003,871,
871.24000000000001,871,
871.63999999999999,871.5,
872.03999999999996,872,
872.44000000000005,872.5,
872.84000000000003,873,
873.24000000000001,873,
873.63999999999999,873.5,
874.03999999999996,874,
874.44000000000005,874.5,
874.84000000000003,875,
875.24000000000001,875,
875.63999999999999,875.5,
876.03999999999996,876,
876.44000000000005,876.5,
876.84000000000003,877,
877.24000000000001,877,
877.63999999999999,877.5,
878.03999999999996,878,
878.44000000000005,878.5,
878.84000000000003,879,
879.24000000000001,879,
879.63999999999999,879.5,
880.03999999999996,880,
880.44000000000005,880.5,
880.84000000000003,881,
881.24000000000001,881,
881.63999999999999,881.5,
882.03999999999996,882,
882.44000000000005,882.5,
882.84000000000003,883,
883.23000000000002,883,
883.63,883.5,
884.02999999999997,884,
884.42999999999995,884.5,
884.83000000000004,885,
885.23000000000002,885,
885.63,885.5,
886.02999999999997,886,
886.42999999999995,886.5,
886.83000000000004,887,
887.23000000000002,887,
887.63,887.5,
888.01999999999998,888,
888.41999999999996,888.5,
888.82000000000005,889,
889.22000000000003,889,
889.62,889.5,
890.01999999999998,890,
890.41999999999996,890.5,
890.82000000000005,891,
891.22000000000003,891,
891.61000000000001,891.5,
892.00999999999999,892,
892.40999999999997,892.5,
892.80999999999995,893,
893.21000000000004,893,
893.61000000000001,893.5,
894.00999999999999,894,
894.39999999999998,894.5,
894.79999999999995,895,
895.20000000000005,895,
895.60000000000002,895.5,
896,896,
896.39999999999998,896.5,
896.78999999999996,897,
897.19000000000005,897,
897.59000000000003,897.5,
897.99000000000001,898,
898.38999999999999,898.5,
898.77999999999997,899,
899.17999999999995,899,
899.58000000000004,899.5,
899.98000000000002,900,
900.38,900.5,
900.76999999999998,901,
901.16999999999996,901,
901.57000000000005,901.5,
901.97000000000003,902,
902.37,902.5,
902.75999999999999,903,
903.15999999999997,903,
903.55999999999995,903.5,
903.96000000000004,904,
904.35000000000002,904.5,
904.75,905,
905.14999999999998,905,
905.54999999999995,905.5,
905.94000000000005,906,
906.34000000000003,906.5,
906.74000000000001,906.5,
907.13999999999999,907,
907.52999999999997,907.5,
907.92999999999995,908,
908.33000000000004,908.5,
908.73000000000002,908.5,
909.12,909,
909.51999999999998,909.5,
909.91999999999996,910,
910.30999999999995,910.5,
910.71000000000004,910.5,
911.11000000000001,911,
911.50999999999999,911.5,
911.89999999999998,912,
912.29999999999995,912.5,
912.70000000000005,912.5,
913.09000000000003,913,
913.49000000000001,913.5,
913.88999999999999,914,
914.27999999999997,914.5,
914.67999999999995,914.5,
915.08000000000004,915,
915.47000000000003,915.5,
915.87,916,
916.26999999999998,916.5,
916.65999999999997,916.5,
917.05999999999995,917,
917.46000000000004,917.5,
917.85000000000002,918,
918.25,918.5,
918.64999999999998,918.5,
919.03999999999996,919,
919.44000000000005,919.5,
919.83000000000004,920,
920.23000000000002,920,
920.63,920.5,
921.01999999999998,921,
921.41999999999996,921.5,
921.80999999999995,922,
922.21000000000004,922,
922.61000000000001,922.5,
923,923,
923.39999999999998,923.5,
923.78999999999996,924,
924.19000000000005,924,
924.59000000000003,924.5,
924.98000000000002,925,
925.38,925.5,
925.76999999999998,926,
926.16999999999996,926,
926.55999999999995,926.5,
926.96000000000004,927,
927.36000000000001,927.5,
927.75,928,
928.14999999999998,928,
928.53999999999996,928.5,
928.94000000000005,929,
929.33000000000004,929.5,
929.73000000000002,929.5,
930.12,930,
930.51999999999998,930.5,
930.90999999999997,931,
931.30999999999995,931.5,
931.70000000000005,931.5,
932.10000000000002,932,
932.49000000000001,932.5,
932.88999999999999,933,
933.28999999999996,933.5,
933.67999999999995,933.5,
934.07000000000005,934,
934.47000000000003,934.5,
934.86000000000001,935,
935.25999999999999,935.5,
935.64999999999998,935.5,
936.04999999999995,936,
936.44000000000005,936.5,
936.84000000000003,937,
937.23000000000002,937,
937.63,937.5,
938.01999999999998,938,
938.41999999999996,938.5,
938.80999999999995,939,
939.21000000000004,939,
939.60000000000002,939.5,
939.99000000000001,940,
940.38999999999999,940.5,
940.77999999999997,941,
941.17999999999995,941,
941.57000000000005,941.5,
941.97000000000003,942,
942.36000000000001,942.5,
942.75,943,
943.14999999999998,943,
943.53999999999996,943.5,
943.94000000000005,944,
944.33000000000004,944.5,
944.72000000000003,944.5,
945.12,945,
945.50999999999999,945.5,
945.90999999999997,946,
946.29999999999995,946.5,
946.69000000000005,946.5,
947.09000000000003,947,
947.48000000000002,947.5,
947.87,948,
948.26999999999998,948.5,
948.65999999999997,948.5,
949.04999999999995,949,
949.45000000000005,949.5,
949.84000000000003,950,
950.23000000000002,950,
950.63,950.5,
951.01999999999998,951,
951.40999999999997,951.5,
951.80999999999995,952,
952.20000000000005,952,
952.59000000000003,952.5,
952.99000000000001,953,
953.38,953.5,
953.76999999999998,954,
954.16999999999996,954,
954.55999999999995,954.5,
954.95000000000005,955,
955.35000000000002,955.5,
955.74000000000001,955.5,
956.13,956,
956.51999999999998,956.5,
956.91999999999996,957,
957.30999999999995,957.5,
957.70000000000005,957.5,
958.09000000000003,958,
958.49000000000001,958.5,
958.88,959,
959.26999999999998,959.5,
959.65999999999997,959.5,
960.05999999999995,960,
960.45000000000005,960.5,
960.84000000000003,961,
961.23000000000002,961,
961.63,961.5,
962.01999999999998,962,
962.40999999999997,962.5,
962.79999999999995,963,
963.19000000000005,963,
963.59000000000003,963.5,
963.98000000000002,964,
964.37,964.5,
964.75999999999999,965,
965.14999999999998,965,
965.54999999999995,965.5,
965.94000000000005,966,
966.33000000000004,966.5,
966.72000000000003,966.5,
967.11000000000001,967,
967.5,967.5,
967.89999999999998,968,
968.28999999999996,968.5,
968.67999999999995,968.5,
969.07000000000005,969,
969.46000000000004,969.5,
969.85000000000002,970,
970.24000000000001,970,
970.63999999999999,970.5,
971.02999999999997,971,
971.41999999999996,971.5,
971.80999999999995,972,
972.20000000000005,972,
972.59000000000003,972.5,
972.98000000000002,973,
973.37,973.5,
973.75999999999999,974,
974.15999999999997,974,
974.54999999999995,974.5,
974.94000000000005,975,
975.33000000000004,975.5,
975.72000000000003,975.5,
976.11000000000001,976,
976.5,976.5,
976.88999999999999,977,
977.27999999999997,977.5,
977.66999999999996,977.5,
978.05999999999995,978,
978.45000000000005,978.5,
978.84000000000003,979,
979.23000000000002,979,
979.62,979.5,
980.00999999999999,980,
980.40999999999997,980.5,
980.79999999999995,981,
981.19000000000005,981,
981.58000000000004,981.5,
981.97000000000003,982,
982.36000000000001,982.5,
982.75,983,
983.13999999999999,983,
983.52999999999997,983.5,
983.91999999999996,984,
984.30999999999995,984.5,
984.70000000000005,984.5,
985.09000000000003,985,
985.47000000000003,985.5,
985.86000000000001,986,
986.25,986.5,
986.63999999999999,986.5,
987.02999999999997,987,
987.41999999999996,987.5,
987.80999999999995,988,
988.20000000000005,988,
988.59000000000003,988.5,
988.98000000000002,989,
989.37,989.5,
989.75999999999999,990,
990.14999999999998,990,
990.53999999999996,990.5,
990.92999999999995,991,
991.32000000000005,991.5,
991.70000000000005,991.5,
992.09000000000003,992,
992.48000000000002,992.5,
992.87,993,
993.25999999999999,993.5,
993.64999999999998,993.5,
994.03999999999996,994,
994.42999999999995,994.5,
994.82000000000005,995,
995.20000000000005,995,
995.59000000000003,995.5,
995.98000000000002,996,
996.37,996.5,
996.75999999999999,997,
997.14999999999998,997,
997.52999999999997,997.5,
997.91999999999996,998,
998.30999999999995,998.5,
998.70000000000005,998.5,
999.09000000000003,999,
999.48000000000002,999.5,
999.86000000000001,1000,
1000.25,1000.5,
1000.64,1000.5,
1001.03,1001,
1001.42,1001.5,
1001.8,1002,
1002.1900000000001,1002,
1002.58,1002.5,
1002.97,1003,
1003.36,1003.5,
1003.74,1003.5,
1004.13,1004,
1004.52,1004.5,
1004.91,1005,
1005.29,1005.5,
1005.6799999999999,1005.5,
1006.0700000000001,1006,
1006.46,1006.5,
1006.84,1007,
1007.23,1007,
1007.62,1007.5,
1008,1008,
1008.39,1008.5,
1008.78,1009,
1009.17,1009,
1009.55,1009.5,
1009.9400000000001,1010,
1010.33,1010.5,
1010.71,1010.5,
1011.1,1011,
1011.49,1011.5,
1011.87,1012,
1012.26,1012.5,
1012.65,1012.5,
1013.03,1013,
1013.42,1013.5,
1013.8099999999999,1014,
1014.1900000000001,1014,
1014.58,1014.5,
1014.97,1015,
1015.35,1015.5,
1015.74,1015.5,
1016.13,1016,
1016.51,1016.5,
1016.9,1017,
1017.28,1017.5,
1017.67,1017.5,
1018.0599999999999,1018,
1018.4400000000001,1018.5,
1018.83,1019,
1019.21,1019,
1019.6,1019.5,
1019.98,1020,
1020.37,1020.5,
1020.76,1021,
1021.14,1021,
1021.53,1021.5,
1021.91,1022,
1022.3,1022.5,
1022.6799999999999,1022.5,
1023.0700000000001,1023,
1023.45,1023.5,
1023.84,1024,
1024.23,1024,
1024.6099999999999,1024.5,
1025,1025,
1025.3800000000001,1025.5,
1025.77,1026,
1026.1500000000001,1026,
1026.54,1026.5,
1026.9200000000001,1027,
1027.3099999999999,1027.5,
1027.6900000000001,1027.5,
1028.0799999999999,1028,
1028.46,1028.5,
1028.8399999999999,1029,
1029.23,1029,
1029.6099999999999,1029.5,
1030,1030,
1030.3800000000001,1030.5,
1030.77,1031,
1031.1500000000001,1031,
1031.54,1031.5,
1031.9200000000001,1032,
1032.3,1032.5,
1032.6900000000001,1032.5,
1033.0699999999999,1033,
1033.46,1033.5,
1033.8399999999999,1034,
1034.22,1034,
1034.6099999999999,1034.5,
1034.99,1035,
1035.3800000000001,1035.5,
1035.76,1036,
1036.1400000000001,1036,
1036.53,1036.5,
1036.9100000000001,1037,
1037.3,1037.5,
1037.6800000000001,1037.5,
1038.0599999999999,1038,
1038.45,1038.5,
1038.8299999999999,1039,
1039.21,1039,
1039.5999999999999,1039.5,
1039.98,1040,
1040.3599999999999,1040.5,
1040.75,1041,
1041.1300000000001,1041,
1041.51,1041.5,
1041.9000000000001,1042,
1042.28,1042.5,
1042.6600000000001,1042.5,
1043.04,1043,
1043.4300000000001,1043.5,
1043.8099999999999,1044,
1044.1900000000001,1044,
1044.5699999999999,1044.5,
1044.96,1045,
1045.3399999999999,1045.5,
1045.72,1045.5,
1046.1099999999999,1046,
1046.49,1046.5,
1046.8699999999999,1047,
1047.25,1047.5,
1047.6300000000001,1047.5,
1048.02,1048,
1048.4000000000001,1048.5,
1048.78,1049,
1049.1600000000001,1049,
1049.55,1049.5,
1049.9300000000001,1050,
1050.3099999999999,1050.5,
1050.6900000000001,1050.5,
1051.0699999999999,1051,
1051.45,1051.5,
1051.8399999999999,1052,
1052.22,1052,
1052.5999999999999,1052.5,
1052.98,1053,
1053.3599999999999,1053.5,
1053.74,1053.5,
1054.1300000000001,1054,
1054.51,1054.5,
1054.8900000000001,1055,
1055.27,1055.5,
1055.6500000000001,1055.5,
1056.03,1056,
1056.4100000000001,1056.5,
1056.79,1057,
1057.1800000000001,1057,
1057.5599999999999,1057.5,
1057.9400000000001,1058,
1058.3199999999999,1058.5,
1058.7,1058.5,
1059.0799999999999,1059,
1059.46,1059.5,
1059.8399999999999,1060,
1060.22,1060,
1060.5999999999999,1060.5,
1060.98,1061,
1061.3599999999999,1061.5,
1061.74,1061.5,
1062.1199999999999,1062,
1062.5,1062.5,
1062.8900000000001,1063,
1063.27,1063.5,
1063.6500000000001,1063.5,
1064.03,1064,
1064.4100000000001,1064.5,
1064.79,1065,
1065.1700000000001,1065,
1065.55,1065.5,
1065.9300000000001,1066,
1066.3099999999999,1066.5,
1066.6800000000001,1066.5,
1067.0599999999999,1067,
1067.4400000000001,1067.5,
1067.8199999999999,1068,
1068.2,1068,
1068.5799999999999,1068.5,
1068.96,1069,
1069.3399999999999,1069.5,
1069.72,1069.5,
1070.0999999999999,1070,
1070.48,1070.5,
1070.8599999999999,1071,
1071.24,1071,
1071.6199999999999,1071.5,
1072,1072,
1072.3699999999999,1072.5,
1072.75,1073,
1073.1300000000001,1073,
1073.51,1073.5,
1073.8900000000001,1074,
1074.27,1074.5,
1074.6500000000001,1074.5,
1075.03,1075,
1075.4000000000001,1075.5,
1075.78,1076,
1076.1600000000001,1076,
1076.54,1076.5,
1076.9200000000001,1077,
1077.3,1077.5,
1077.6700000000001,1077.5,
1078.05,1078,
1078.4300000000001,1078.5,
1078.8099999999999,1079,
1079.1900000000001,1079,
1079.5599999999999,1079.5,
1079.9400000000001,1080,
1080.3199999999999,1080.5,
1080.7,1080.5,
1081.0799999999999,1081,
1081.45,1081.5,
1081.8299999999999,1082,
1082.21,1082,
1082.5899999999999,1082.5,
1082.96,1083,
1083.3399999999999,1083.5,
1083.72,1083.5,
1084.0999999999999,1084,
1084.47,1084.5,
1084.8499999999999,1085,
1085.23,1085,
1085.5999999999999,1085.5,
1085.98,1086,
1086.3599999999999,1086.5,
1086.73,1086.5,
1087.1099999999999,1087,
1087.49,1087.5,
1087.8699999999999,1088,
1088.24,1088,
1088.6199999999999,1088.5,
1089,1089,
1089.3699999999999,1089.5,
1089.75,1090,
1090.1199999999999,1090,
1090.5,1090.5,
1090.8800000000001,1091,
1091.25,1091.5,
1091.6300000000001,1091.5,
1092.01,1092,
1092.3800000000001,1092.5,
1092.76,1093,
1093.1300000000001,1093,
1093.51,1093.5,
1093.8900000000001,1094,
1094.26,1094.5,
1094.6400000000001,1094.5,
1095.01,1095,
1095.3900000000001,1095.5,
1095.76,1096,
1096.1400000000001,1096,
1096.51,1096.5,
1096.8900000000001,1097,
1097.27,1097.5,
1097.6400000000001,1097.5,
1098.02,1098,
1098.3900000000001,1098.5,
1098.77,1099,
1099.1400000000001,1099,
1099.52,1099.5,
1099.8900000000001,1100,
1100.27,1100.5,
1100.6400000000001,1100.5,
1101.02,1101,
1101.3900000000001,1101.5,
1101.76,1102,
1102.1400000000001,1102,
1102.51,1102.5,
1102.8900000000001,1103,
1103.26,1103.5,
1103.6400000000001,1103.5,
1104.01,1104,
1104.3900000000001,1104.5,
1104.76,1105,
1105.1300000000001,1105,
1105.51,1105.5,
1105.8800000000001,1106,
1106.26,1106.5,
1106.6300000000001,1106.5,
1107,1107,
1107.3800000000001,1107.5,
1107.75,1108,
1108.1300000000001,1108,
1108.5,1108.5,
1108.8699999999999,1109,
1109.25,1109.5,
1109.6199999999999,1109.5,
1109.99,1110,
1110.3699999999999,1110.5,
1110.74,1110.5,
1111.1099999999999,1111,
1111.49,1111.5,
1111.8599999999999,1112,
1112.23,1112,
1112.5999999999999,1112.5,
1112.98,1113,
1113.3499999999999,1113.5,
1113.72,1113.5,
1114.0999999999999,1114,
1114.47,1114.5,
1114.8399999999999,1115,
1115.21,1115,
1115.5899999999999,1115.5,
1115.96,1116,
1116.3299999999999,1116.5,
1116.7,1116.5,
1117.0799999999999,1117,
